artist,title,cosine_sim,in_country
Carlos Vives,La Bicicleta,0.00336523438930288,0
Enrique Iglesias,Duele El Corazon,0.0034545095224780427,0
Dillon Francis and DJ Snake,Get Low,0.0039171075579375585,0
Maluma,Felices Los 4,0.004290491265176794,0
Nicky Jam,El Amante,0.004386202001580538,0
Wisin,Escapate Conmigo,0.004767936444281083,0
Enrique Iglesias,El Perdedor,0.004971719043562085,0
Bad Bunny,MIA,0.005179264477404898,0
Shakira,Perro Fiel,0.005372455814655922,0
DJ Suede,Cash Me Outside,0.005443390657557536,0
Shakira,Me Enamore,0.0054559607574165255,0
Daddy Yankee,Shaky Shaky,0.005464142389343935,0
J Balvin and Willy William,Mi Gente,0.00548689234194704,0
BTS,DNA,0.0054917857442382916,0
Daddy Yankee,Dura,0.005828876256829271,0
Wisin,Adrenalina,0.005876247894564586,0
Becky G,Mayores,0.005896338886179402,0
Enrique Iglesias,Bailando,0.006328545994088271,0
Nicky Jam,X,0.006339593104616357,0
Jon Bellion,All Time Low,0.006374347387038446,0
Reik,Me Niego,0.006431600311319145,0
6ix9ine,BEBE,0.006856758247685634,0
Natti Natasha,Criminal,0.007078886280055615,0
Enrique Iglesias,El Bano,0.007863834286243043,0
Silento,Watch Me,0.007917318422097098,0
Shakira,Chantaje,0.007973299294572916,0
Ozuna,Unica,0.008037434401605295,0
Romeo Santos,Heroe Favorito,0.008304749777167353,0
J Balvin,Ginza,0.008609772391049254,0
Romeo Santos,Bella y Sensual,0.008623086723765381,0
Naughty Boy,La La La,0.008730453573294047,0
Martin Garrix,Animals,0.010569225320472461,0
Ozuna and Cardi B,La Modelo,0.010578022644072356,0
Calvin Harris,This Is What You Came For,0.010598887614477758,0
PSY,Daddy,0.011035458214843703,0
BTS,Fake Love,0.01118628961490895,0
Romeo Santos,Imitadora,0.011234716926290944,0
Childish Gambino,Summertime Magic,0.01195724590223829,0
Marian Hill,Down,0.012453928262273308,0
Migos,Walk It Talk It,0.012561204386729355,0
KIDS SEE GHOSTS,Reborn,0.012669176738226515,0
Enrique Iglesias,Subeme La Radio,0.01282754633763786,0
Trey Songz,Na Na,0.013144437275593045,0
Luis Fonsi and Demi Lovato,Echame La Culpa,0.013399325858615726,0
DJ Snake and Lil Jon,Turn Down For What,0.013537954680657095,0
Iggy Azalea,Kream,0.013566538763162354,0
Calvin Harris and Disciples,How Deep Is Your Love,0.013680379356457759,0
Yo Gotti,Rake It Up,0.0139183500050151,0
John Mayer,Who You Love,0.013930005610946199,0
OK Go,I Wont Let You Down,0.013973591401106673,0
Nicki Minaj,Pills N Potions,0.014006228795855669,0
Sia,The Greatest,0.014040791070718983,0
Jose Feliciano,Feliz Navidad,0.014086948483895015,0
Coldplay,Magic,0.014391035015561961,0
Katy Perry,Roar,0.014458873005892072,0
Ariana Grande,Everyday,0.014532568228389177,0
J Cole,ATM,0.014575281592468145,0
Future,Wicked,0.014750598269383757,0
Mike WiLL Made It and Rihanna,Nothing Is Promised,0.014799666744531741,0
Skrillex and Diplo,Where Are U Now,0.014904508367883087,0
2 Chainz,Its A Vibe,0.014956227859835938,0
Calvin Harris,My Way,0.01495915262903469,0
Rihanna,Bitch Better Have My Money,0.015025958212791547,0
Cardi B and YG,She Bad,0.015070701058610926,0
BLACKPINK,DDU DU DDU DU,0.015243410158800604,0
Rick Ross,Trap Trap Trap,0.015273274836327035,0
Ugly God,Water,0.015310960871630242,0
OT Genasis,CoCo,0.015312621633786938,0
XXXTENTACION,Look At Me!,0.015400896008211856,0
Fifth Harmony,Work From Home,0.015444519613743922,0
Ariana Grande,Pete Davidson,0.01551297219264765,0
The Weeknd,False Alarm,0.015538918279956298,0
Selena Gomez,Bad Liar,0.015549392893628498,0
YG,My Hitta,0.01560748324293759,0
Cardi B,Money Bag,0.01562514461797186,0
The Weeknd,All I Know,0.015658269504849144,0
DJ Khaled,I Got The Keys,0.01568140280227403,0
Colbie Caillat,Try,0.015710104628329186,0
"Cardi B, Bad Bunny and J Balvin",I Like It,0.015726540273308744,0
AWOLNATION,Sail,0.01577344432106388,0
The Weeknd,I Feel It Coming,0.015812986759498302,0
Khalid,Young Dumb and Broke,0.015821640063761248,0
Fergie,LALOVE,0.016163781924836678,0
Flo Rida and 99 Percent,Cake,0.016228509269536673,0
Fetty Wap,Jugg,0.016482689582501125,0
Missy Elliott,Get Ur Freak On,0.016519496145138195,0
Demi Lovato,Confident,0.016540129070210324,0
Future,Move That Dope,0.016551389635118516,0
Kanye West,Fade,0.016610590016818343,0
The Weeknd,Where You Belong,0.016671685063667056,0
Selena Gomez,Kill Em With Kindness,0.01675028973771989,0
X Ambassadors,Renegades,0.016797225512734718,0
Lady Gaga,Bad Romance,0.016844614020890027,0
Carly Rae Jepsen,I Really Like You,0.016861955323941052,0
Kendrick Lamar,Untitled 07 Levitate,0.016888819973602417,0
Chedda Da Connect,Flicka Da Wrist,0.016893909639561194,0
Ciara,Level Up,0.016898819878492417,0
Solange,Dont Touch My Hair,0.01690909628815717,0
Nas,Cop Shot The Kid,0.016921985985214258,0
Kevin Gates,I Dont Get Tired,0.016938590874438268,0
twenty one pilots,My Blood,0.01697866046401682,0
The Chainsmokers,Dont Let Me Down,0.017029745502684813,0
Bhad Bhabie,Hi Bich,0.017042383786887338,0
Trippie Redd,Toxic Waste,0.01706645970074492,0
Troye Sivan,My My My!,0.01711615142220507,0
PnB Rock,Selfish,0.017167994348900602,0
One Direction,Steal My Girl,0.017240341877298178,0
Cash Out,She Twerkin,0.01724192102062986,0
Drake,Preach,0.01724576160733483,0
Tori Kelly,Shouldve Been Us,0.017271881372343516,0
Chris Brown,Questions,0.01730652280914369,0
Taylor Swift,Out Of The Woods,0.017313524717822704,0
Gwen Stefani,Used To Love You,0.017371808580550267,0
XXXTENTACION,Numb,0.017423898597290644,0
Taylor Swift,Shake It Off,0.017492588192698496,0
Jennifer Lopez,Aint Your Mama,0.017585555254731614,0
Miley Cyrus,Adore You,0.017591681105947495,0
Imagine Dragons,Thunder,0.017644555969329203,0
XXXTENTACION,Fuck Love,0.017653221622266565,0
Prince And The Revolution,I Would Die 4 U,0.017686628938899045,0
Chris Brown,Tempo,0.017702957533591315,0
Kehlani,Distraction,0.01770813997377722,0
Quality Control,Ice Tray,0.017734197823197375,0
Hailee Steinfeld,Love Myself,0.01773790123013352,0
Imagine Dragons  and Khalid,Thunder/Young Dumb and Broke Medley,0.017821438887473815,0
Kygo and Imagine Dragons,Born To Be Yours,0.017850231249972048,0
Wiz Khalifa,We Dem Boyz,0.017859708526110914,0
YFN Lucci,Everyday We Lit,0.01786763607623956,0
Ariana Grande,Focus,0.01788321071282346,0
Fergie,MILF $,0.017905572434426205,0
Meek Mill,Fuck That Check Up,0.01796413050811904,0
BTS,MIC Drop,0.01796787516089164,0
OT Genasis,Cut It,0.01798986392020335,0
BTS,IDOL,0.017994244114266464,0
DJ ESCO,Too Much Sauce,0.01803521658805086,0
Chris Brown,Zero,0.018123841366089733,0
Ariana Grande,Sweetener,0.018143583571793475,0
Lauren Daigle,You Say,0.018160996831711525,0
Bebe Rexha,I Got You,0.01818329763815695,0
DJ Khaled,Top Off,0.018254267285851663,0
Kendrick Lamar,Humble,0.018256439277311666,0
XXXTENTACION,Going Down!,0.018300372233723956,0
Lil Pump,Esskeetit,0.018309447639466694,0
Playboi Carti,Wokeuplikethis*,0.018336220164538224,0
Martin Garrix and Bebe Rexha,In The Name Of Love,0.018340807801855756,0
Bad Wolves,Zombie,0.018380840119543197,0
Zayn,Its You,0.018394940615457635,0
Future,Fly Shit Only,0.01843437239975748,0
Coldplay,Midnight,0.018437428965971926,0
Lil Uzi Vert,UnFazed,0.018496685074070793,0
Young Greatness,Moolah,0.018501304757218583,0
Kaleo,Way Down We Go,0.01856789801502148,0
Kent Jones,Dont Mind,0.018625923257025345,0
Annie Lennox,I Put A Spell On You,0.01863707404055345,0
Janet Jackson,Made For Now,0.018733991505295835,0
Calvin Harris,Blame,0.018758924435887482,0
Flume,Say It,0.018763991604203688,0
Bobby Shmurda,Bobby Bitch,0.01878748680848219,0
Ellie Goulding,Love Me Like You Do,0.0188008558958649,0
Young Thug,Stoner,0.018823445474394487,0
Ariana Grande,Everytime,0.018832285502268106,0
Solange,Cranes In The Sky,0.01887347376087593,0
Wiz Khalifa,Fr Fr,0.018875364738750244,0
Imagine Dragons,I Bet My Life,0.01889219196048105,0
Drake,Ice Melts,0.018907082629597654,0
Meghan Trainor,No,0.01901580009614277,0
The Weeknd,Nothing Without You,0.01902224204436002,0
Lady Gaga,Do What U Want,0.019036202618665184,0
Yella Beezy,Thats On Me,0.019094701321967975,0
Ariana Grande,Love Me Harder,0.019106537656005423,0
OneRepublic,I Lived,0.019117501860293745,0
Hey Violet,Guys My Age,0.019121895014651676,0
Fifth Harmony,Worth It,0.019124585423205043,0
Meek Mill,The Difference,0.01926218279891701,0
Clean Bandit,Solo,0.019273790036428973,0
Ne Yo,She Knows,0.019275134253028674,0
Cashmere Cat,Adore,0.01928145128467481,0
Ed Sheeran,Make It Rain,0.019287468011051863,0
Meghan Trainor,All About That Bass,0.019326790784572348,0
Charlie Puth,Done For Me,0.01934051764782014,0
Big Sean and Metro Boomin,Go Legend,0.019354433875957037,0
Cardi B,I Do,0.019378529527440156,0
Ellie Goulding,On My Mind,0.01939911741858249,0
Migos,Narcos,0.019447924199881266,0
Kiiara,Gold,0.01947453618962198,0
DJ Khaled,To The Max,0.019525667272595942,0
Fat joe and remy ma,All The Way Up,0.019537998128001405,0
Britney Spears,Work Bitch!,0.01956339334910539,0
Shakira,Try Everything,0.01963425106879759,0
Taylor Swift,Look What You Made Me Do,0.019634952484319727,0
XXXTENTACION,Sad!,0.019645991700525473,0
Major Lazer,Know No Better,0.01967150832728535,0
Nicki Minaj,Thought I Knew You,0.01967786376256543,0
Kehlani,CRZY,0.019693201890935937,0
Aloe Blacc,The Man,0.019724811213813694,0
French Montana,A Lie,0.019732075140715722,0
KIDS SEE GHOSTS,Feel The Love,0.019734469280214165,0
Ariana Grande,Dangerous Woman,0.019775220735489825,0
Drake,Fire and Desire,0.019850532874821542,0
Tory Lanez,Say It,0.019891303964647153,0
Jennifer Lopez,Booty,0.01989665053462053,0
Young Thug,Chanel go get it,0.01990739090383959,0
Future,Honest,0.01991118555288719,0
Travis Scott,No Bystanders,0.019928544506621553,0
The Weeknd,Attention,0.0199643709974842,0
Future,Blow A Bag,0.01996655843247729,0
Marshmello,Alone,0.01998861760703825,0
Maroon 5,Girls Like You,0.020009104746989158,0
John Newman,Love Me Again,0.020013433294073103,0
Taylor Swift,Wonderland,0.020019167439546785,0
Imagine Dragons,Radioactive,0.02004312382708078,0
Lil Yachty,Get Dripped,0.020048735915608677,0
P!nk,What About Us,0.020064569301377514,0
Mariah Carey,I Dont,0.020064828251347075,0
Migos,Look At My Dab,0.02009945839208976,0
Drake,Nice For What,0.020115116398769135,0
The Weeknd,Earned It,0.020137366475769275,0
Young Thug,Digits,0.020183584144086945,0
Justin Bieber,What Do You Mean?,0.0201984659231031,0
August Alsina,No Love,0.020199809217440214,0
Sheppard,Geronimo,0.020212554633522263,0
XXXTENTACION,Changes,0.02024175887057222,0
Kendrick Lamar,Black Panther,0.020256582819721,0
21 Savage,Red Opps,0.020299499882158473,0
Shawn Mendes and Camila Cabello,I Know What You Did Last Summer,0.02036004667316327,0
Katy Perry,This Is How We Do,0.020373167540626253,0
Ariana Grande,Problem,0.020400711179594442,0
Robin Schulz,Sugar,0.02043729845196414,0
Childish Gambino,This Is America,0.020485175624036327,0
Lil Uzi Vert,For Real,0.020513641005113624,0
The Weeknd,Stargirl Interlude,0.020544999484147574,0
Selena Gomez and Marshmello,Wolves,0.020566663952240067,0
Jhene Aiko,The Worst,0.020568103557027564,0
Sheck Wes,Mo Bamba,0.020609007468515638,0
Lil Jon,Bend Ova,0.020619967767866912,0
Tori Kelly,Nobody Love,0.020623034281968156,0
Post Malone,Blame It On Me,0.020643235007347098,0
6ix9ine,Gotti,0.020666857524374343,0
Yo Gotti,Down In The DM,0.020668735475001716,0
Taylor Swift,Welcome To New York,0.020669752758215566,0
YG,Why You Always Hatin?,0.02067385281967985,0
Tyga,Dip,0.020676161564984367,0
Lady Gaga,Til It Happens To You,0.02072717173778924,0
Lil Pump,Gucci Gang,0.020736288435429365,0
twenty one pilots,Fairly Local,0.0207365624754295,0
Zayn,Like I Would,0.02074530811691971,0
Bobby Helms,Jingle Bell Rock,0.020753114833482657,0
Future,Fuck Up Some Commas,0.020781582620331644,0
Maroon 5,What Lovers Do,0.0208189657168636,0
Young Thug,Check,0.02085593420267742,0
DJ Snake and AlunaGeorge,You Know You Like It,0.020899685442877607,0
The Weeknd,Cant Feel My Face,0.020899824011942025,0
Sia,Alive,0.020914229178851922,0
Tory Lanez,Luv,0.020916315817548735,0
The Chainsmokers,Setting Fires,0.02092798441995652,0
Naughty Boy,Runnin Lose It All,0.020933806272404338,0
Cardi B,Drip,0.020997813256731553,0
Jacquees,BED,0.021004748301802247,0
21 Savage,Bank Account,0.021052318279926367,0
"6ix9ine, Fetty Wap and A Boogie Wit da Hoodie",KEKE,0.021060386086573117,0
YG,Handgun,0.021065353249782322,0
Queen and David Bowie,Under Pressure,0.02108944497457695,0
Ariana Grande,Breathin,0.021100033652692717,0
ScHoolboy Q,Man Of The Year,0.021108364008522916,0
Juice WRLD,Lean Wit Me,0.02111433341642428,0
Ella Mai,Trip,0.021129106187411713,0
Jennifer Lopez,Dinero,0.02115040028150595,0
DeJ Loaf,Back Up,0.02116125458231062,0
J Cole,Motiv8,0.021171441074282638,0
A Trak and Milo and Otis,Out The Speakers,0.02118508284656033,0
Tove Lo,Cool Girl,0.021198358749573702,0
The Weeknd,Secrets,0.021252614192934102,0
Plies,Rock,0.021256960294748314,0
Liam Payne,Bedroom Floor,0.021322341322410825,0
Juice WRLD,Wasted,0.021323991102068,0
DJ Snake,Let Me Love You,0.02133791820315617,0
Galantis,No Money,0.02134889456706046,0
Lana Del Rey,Love,0.02135459965287365,0
Bastille,Bad Blood,0.021356415662137807,0
Desiigner,Tiimmy Turner,0.021375533462064954,0
Gwen Stefani,Make Me Like You,0.021385723586226917,0
Nick Jonas,Chains,0.021435821474873922,0
Dennis Lloyd,Nevermind,0.021441911966448023,0
Sofi Tukker,Best Friend,0.02145495927940356,0
Kendrick Lamar,Feel,0.021457162136273553,0
Chris Brown,Pills And Automobiles,0.02146590666173116,0
Loren Allred,Never Enough,0.021472585997522414,0
Yo Gotti,Juice,0.02152965604044952,0
Jennifer Lopez,I Luh Ya Papi,0.021550505483852782,0
Prince And The Revolution,Purple Rain,0.02156325708764677,0
Rich The Kid,Plug Walk,0.02157457306958288,0
KIDS SEE GHOSTS,Freeee Ghost Town pt 2,0.021612080247594683,0
Avril Lavigne,Head Above Water,0.021713718608671165,0
Sam Smith,Im Not The Only One,0.021717817411302874,0
Lil Xan,Betrayed,0.02173555233688694,0
Alessia Cara,Growing Pains,0.021745487979567463,0
Steve Aoki,Waste It On Me,0.021760431939525943,0
The Weeknd,Hurt You,0.02176094430741775,0
Bandit Gang Marco,Nasty,0.02177148056967197,0
A Boogie Wit da Hoodie,Drowning,0.021776346867240726,0
Katy Tiz,The Big Bang,0.021798462947832154,0
Flo Rida,"I Dont Like It, I Love It",0.02181229594936389,0
Lin Manuel Miranda,Almost Like Praying,0.021818299485668408,0
Ty Dolla sign,Or Nah,0.02183094462529176,0
LunchMoney Lewis,Bills,0.021854233772531675,0
Billie Eilish,When The Partys Over,0.02186217453171822,0
DJ Khaled,Do You Mind,0.021923842332340113,0
Jamie N Commons,Jungle,0.02192950016222274,0
Troye Sivan,Youth,0.021946911639144032,0
Drake,Dont Matter To Me,0.02200436774657507,0
HER,Focus,0.022006210160904975,0
Tori Kelly,Hollow,0.02201607455743647,0
Julia Michaels,Issues,0.022049661438011542,0
Andy Williams,Its The Most Wonderful Time Of The Year,0.022078414901940912,0
Rihanna,American Oxygen,0.02211475771083727,0
Shakira,Empire,0.022196631924183367,0
Hailee Steinfeld and Grey,Starving,0.022198747967712176,0
OG Maco,U Guessed It,0.022290211412496076,0
RagnBone Man,Human,0.022291978745868538,0
The Weeknd,I Was Never There,0.022301028835582267,0
"Steve Aoki, Chris Lake and Tujamo",Delirious Boneless,0.0223074074270984,0
Silk City and Dua Lipa,Electricity,0.022308704612139275,0
Beyonce,Formation,0.022319385058137974,0
Echosmith,Cool Kids,0.02233565465182751,0
The Weeknd,Try Me,0.022336815592305895,0
Lil Uzi Vert,Two,0.02235630477350295,0
Pitbull,We Are One  Ole Ola,0.022363257520343342,0
R City,Locked Away,0.022373592123734395,0
Zendaya,Something New,0.02237927272814037,0
Lil Yachty,Peek A Boo,0.022380691730364465,0
Sia,Cheap Thrills,0.02238877380508027,0
Tyga,Taste,0.02240962374565737,0
Sage The Gemini,Good Thing,0.022427538572168178,0
Shakira,Dare,0.02244103059728899,0
Selena Gomez,Hands To Myself,0.02245622833196581,0
Logic,Flexicution,0.02246914562656367,0
Rich The Kid,New Freezer,0.022476214585980644,0
Opetaia Foai,We Know The Way,0.022486615396153525,0
Blac Youngsta,Booty,0.022536856239407783,0
Lil Mosey,Kamikaze,0.022547773871159752,0
Migos,Higher We Go Intro,0.022585681056216764,0
Zedd,I Want You To Know,0.02258770354719683,0
Major Lazer,Run Up,0.02260628010688236,0
Alan Walker,Faded,0.02262495248428658,0
Nate Ruess,Nothing Without Love,0.02264247917852321,0
Pentatonix,"Mary, Did You Know?",0.022669628387420517,0
XXXTENTACION,Everybody Dies In Their Nightmares,0.02267478598820613,0
Maejor Ali,Lolly,0.02268003500935372,0
Dua Lipa and BLACKPINK,Kiss And Make Up,0.022695152062788604,0
XXXTENTACION,BAD!,0.022705364229783698,0
Cheat Codes,No Promises,0.022717983341307528,0
Future,I Won,0.022753331349476706,0
Charli XCX,Boom Clap,0.02278134671144259,0
AJR,Weak,0.022786099499998352,0
Fitz And The Tantrums,The Walker,0.022792896211061314,0
Becky G,Cant Stop Dancin,0.022798845547747495,0
Post Malone,Better Now,0.0228003139103135,0
Michael Jackson,Slave To The Rhythm,0.022810086764026995,0
Migos,Emoji A Chain,0.02282785574033822,0
5 Seconds Of Summer,Girls Talk Boys,0.022834791514952373,0
Lil Yachty,1night,0.022837485869788222,0
The Weeknd,Often,0.022859533393665216,0
Camila Cabello,Crying In The Club,0.02286641430709398,0
iLoveMemphis,Lean and Dabb,0.022879785799770142,0
Jeremih,Dont Tell Em,0.022888208722003554,0
Childish Gambino,Redbone,0.022889999641875065,0
P!nk,Beautiful Trauma,0.022897084539487706,0
Taylor Swift,Delicate,0.0229077776420029,0
Rudimental,Lay It All On Me,0.02292588899449399,0
Migos,BBO bad bitches only,0.022950424504189767,0
Christina Perri,Human,0.022984648066138154,0
Kanye West,Famous,0.022989003167855425,0
Beyonce,Sorry,0.022992147013034942,0
Gucci Mane Bruno Mars and Kodak Black,Wake Up In The Sky,0.02301987057898497,0
August Alsina,I Luv This Shit,0.023023423754573554,0
Lady Gaga,Applause,0.023028146029696932,0
Beyonce,Pray You Catch Me,0.023034810981186885,0
iLoveMemphis,Hit The Quan,0.02305837797781841,0
Nicki Minaj,Regret In Your Tears,0.023063326073924053,0
Ariana Grande,No Tears Left To Cry,0.023067570415138065,0
A Great Big World and Christina Aguilera,Say Something,0.023077287618376116,0
Russ,What They Want,0.02307865397646247,0
Romeo Santos,Odio,0.023080903295406366,0
The Chainsmokers,Everybody Hates Me,0.023124634076015844,0
Kygo and Ellie Goulding,First Time,0.023125505513243917,0
Sara Bareilles,Brave,0.023136147434180982,0
Meghan Trainor,Me Too,0.02314644552491747,0
XXXTENTACION,Save Me,0.02318747069085942,0
The Weeknd,Six Feet Under,0.02320694052195229,0
Jason Derulo,Trumpets,0.023223475883599725,0
KIDS SEE GHOSTS,Cudi Montage,0.023258478722616507,0
The Carters,Friends,0.023288385176890046,0
Beyonce,7/11,0.023306320378931572,0
Justin Bieber,Get Used To It,0.023311277563043062,0
Lady Gaga,Perfect Illusion,0.02331557030698022,0
Starley,Call On Me,0.023354102253868157,0
Post Malone,Deja Vu,0.023356651634443983,0
Ariana Grande,"Thank U, Next",0.02336628467697134,0
Kesha,Woman,0.023387475688549365,0
Disclosure,Latch,0.02343960028514227,0
Tyga,Hookah,0.023439761512205726,0
PSY,Hangover,0.02344186346794225,0
Post Malone,White Iverson,0.02344836054746182,0
Beyonce,Hold Up,0.023461903205276028,0
A Ap Ferg,New Level,0.023463778100162893,0
Drake,4422,0.02347638994054345,0
Fetty Wap,RGF Island,0.023513056186314746,0
Louis Tomlinson,Back To You,0.023523757936574,0
Kid Ink,Promise,0.02355785365167805,0
Billie Eilish,You Should See Me In A Crown,0.023566162170569647,0
Maroon 5,Dont Wanna Know,0.02357031567499377,0
Halsey,Now Or Never,0.02357873595312838,0
Jason Derulo,Cheyenne,0.023580367604751892,0
Janelle Monae,Make Me Feel,0.023627425164129287,0
Future,Mask Off,0.023658703315918166,0
Taylor Swift,Call It What You Want,0.023666720251869514,0
Meghan Trainor,No Excuses,0.023673449888099905,0
Drake,Fake Love,0.023691507693697062,0
Lil Uzi Vert,Sauce It Up,0.023723872509408522,0
The Chainsmokers,Paris,0.02373630103467585,0
City Girls,Twerk,0.02373669112452343,0
Future,Jersey,0.023741529132019087,0
Childish Gambino,Me And Your Mama,0.02374189800544552,0
The Chainsmokers,Roses,0.023760488020405566,0
French Montana,Lockjaw,0.023768309235322995,0
TK Kravitz,Ocean,0.023800987880596102,0
Kelly Clarkson,Love So Soft,0.023814918981717535,0
gnash,I Hate U I Love U,0.02381907080799612,0
Miley Cyrus,Younger Now,0.023836382074425726,0
Ayo and Teo,Rolex,0.02385233633539645,0
"21 Savage, Offset and Metro Boomin",Mad Stalkers,0.023860717420108698,0
Lil Peep,Awful Things,0.023865052859915907,0
Quavo,W O R K I N  M E,0.023872176017114652,0
The Weeknd,Wasted Times,0.023910920823354144,0
Lil Uzi Vert,No Sleep Leak,0.023914498211818846,0
6ix9ine,Gummo,0.023920891723770266,0
Beyonce,Sandcastles,0.02392961004875649,0
Rae Sremmurd,Throw Sum Mo,0.023955196233577836,0
6ix9ine,Rondo,0.02397111268981364,0
5 Seconds Of Summer,Dont Stop,0.023995010475958325,0
Rihanna,Work,0.02400410463674036,0
Travis Scott,3500,0.02401435382789225,0
Halsey,Alone,0.024015822274979996,0
Juice WRLD,Make It Back,0.024018939504466513,0
Travis Scott,Astrothunder,0.024020132941791072,0
Sam Smith,Stay With Me,0.024035481291757362,0
Lea Michele,Cannonball,0.02405007476948219,0
Ty Dolla sign,Saved,0.02405457497908903,0
Rae Sremmurd,No Type,0.024074618375951644,0
Olivia OBrien,Hate U Love U,0.024092186015848904,0
Justin Bieber,Confident,0.024116742414172474,0
I LOVE MAKONNEN,Tuesday,0.024120512544408935,0
Justin Timberlake,Say Something,0.024131699883769807,0
Future,Cuddle My Wrist,0.02413601043436193,0
John Legend,Love Me Now,0.02416731169617911,0
Chance The Rapper,I Might Need Security,0.02416916176360213,0
Chris Blue,Money On You,0.024187927984317886,0
The Carters,Boss,0.024191481937834675,0
Rich Homie Quan,Walk Thru,0.02419806102498054,0
Cardi B,Bartier Cardi,0.02422138710098052,0
DJ Khaled,Im The One,0.024241014460240153,0
George Michael,Faith,0.02425200557209235,0
Major Lazer,Powerful,0.02425275715229014,0
The Weeknd,The Hills,0.024273077231083587,0
Demi Lovato,Let It Go,0.0242738633297149,0
Trippie Redd,Topanga,0.024274928480811378,0
Nick Jonas,Close,0.024280311449498937,0
Dae Dae,Wat U Mean,0.024283799643869217,0
Camila Cabello,OMG,0.024285099012221468,0
Gucci Mane,Pussy Print,0.024290451044913317,0
A Boogie Wit da Hoodie,Undefeated,0.024294786789050084,0
Selena Gomez,Same Old Love,0.02430002282009291,0
Kodak Black,Patty Cake,0.0243052193653504,0
Alesso,Heroes,0.024315928987007306,0
Camila Cabello,Havana,0.024318835475099373,0
Migos,Stir Fry,0.024328795148372596,0
Juicy J,Bounce It,0.024368976771327756,0
Ariana Grande,One Last Time,0.024369807701564924,0
Snootie Wild,Made Me,0.02437283161951203,0
Kevin Gates,Really Really,0.024378228770870716,0
Noah Cyrus,Make Me Cry,0.024387518774871653,0
The Weeknd,Call Out My Name,0.02439207027435091,0
Zara Larsson,Aint My Fault,0.024396321141457036,0
Mr Probz,Waves,0.024405228219732074,0
2 Chainz,Bigger than You,0.024409824349813865,0
Kehlani,Gangsta,0.024421295853486135,0
Nicki Minaj,Bed,0.024428831005316322,0
Big Sean,I Dont Fuck With You,0.02443186624445963,0
Tay K,The Race,0.0244396946292092,0
Zedd,Beautiful Now,0.024440668711313857,0
Lil Duval,Smile Bitch,0.024445494692889664,0
Drake,Gods Plan,0.02445378082928942,0
David Bowie,Blackstar,0.024454246547964128,0
Austin Mahone,Mmm Yeah,0.024462519557068862,0
Trippie Redd,Taking A Walk,0.0244688012246893,0
The Carters,Apeshit,0.024479228950574528,0
Daniel Caesar,Best Part,0.02448391115629666,0
Justin Bieber,Children,0.024516587657260593,0
Drake and Future,Big Rings,0.024518990370818346,0
DJ Snake,Taki Taki,0.024520048069248717,0
Bhad Bhabie,Gucci Flip Flops,0.02452421233007719,0
Calvin Harris,Outside,0.024525545645389755,0
Charlie Puth,The Way I Am,0.024565041315399053,0
The Weeknd,Party Monster,0.02457207966193259,0
Justin Bieber,Company,0.024578225290793648,0
Selena Gomez,Back To You,0.024584973853099937,0
Ella Mai,Bood Up,0.024587486550129635,0
Lil Yachty,66,0.02460217649900293,0
Lil Pump,Drug Addicts,0.024610458318488234,0
Kevin Gates,2 Phones,0.024620611560806666,0
Zayn,Let Me,0.024649705372343074,0
Mike WiLL Made It,23,0.024657095858657035,0
The Chainsmokers,Sick Boy,0.024662057783607215,0
Kodak Black,Codeine Dreaming,0.024687003697042846,0
J Cole,Intro,0.02473122126849964,0
YoungBoy Never Broke Again,Diamond Teeth Samurai,0.024737248150381218,0
The Weeknd,Shameless,0.02475536458374973,0
Lil Uzi Vert,444 222,0.024755684294872786,0
Rich Homie Quan,Flex,0.024762043872090342,0
Meek Mill,On The Regular,0.024769751132575884,0
MadeinTYO,Uber Everywhere,0.024784800452502892,0
Ariana Grande,Break Free,0.02479459388252154,0
Beyonce,Dont Hurt Yourself,0.024805144320513107,0
Zara Larsson and MNEK,Never Forget You,0.02480967633300102,0
Trey Songz,Nobody Else But You,0.024813017896145827,0
Chris Brown,Party,0.02481808745203891,0
Chris Brown,Love More,0.024852273598060495,0
Post Malone,Jonestown Interlude,0.02489916591231252,0
twenty one pilots,Jumpsuit,0.024899763004666967,0
Nico and Vinz,Am I Wrong,0.02494239721079867,0
Drake,Get It Together,0.02495431455140085,0
Trippie Redd,Love Scars 3,0.02497150334860813,0
Justin Bieber,Sorry,0.024982218732385358,0
Post Malone,Spoil My Night,0.025014443866576464,0
Shawn Mendes,Youth,0.025014800655817935,0
Drake,Skepta Interlude,0.02501673880386468,0
5 Seconds Of Summer,Want You Back,0.025022799338409896,0
A Ap Rocky,Praise The Lord,0.02502996411251429,0
X Ambassadors,Unsteady,0.025031881547249866,0
Maroon 5,Wait,0.025040871114347964,0
Kanye West and Lil Pump,I Love It,0.025047580678618488,0
Drake and Future,Change Locations,0.025051705907668004,0
6ix9ine,Billy,0.025054943945512612,0
Capital Cities,Safe And Sound,0.025057440856897855,0
Fetty Wap,Again,0.025060807763139875,0
Future,Where Ya At,0.025068620599553403,0
NF,Lie,0.025082710868866508,0
One Direction,Olivia,0.025112512511774522,0
21 Savage and Metro Boomin,X,0.02511759430434909,0
Drake,Grammys,0.02512502529680821,0
Cardi B,Money,0.02515052998835306,0
Bebe Rexha,Im A Mess,0.02519392422770829,0
Breaking Benjamin,Failure,0.025202766284544702,0
Sia,Helium,0.02523284252411676,0
2 Chainz,Watch Out,0.02523643937592435,0
Huncho Jack,Black and Chinese,0.025252278352633866,0
OneRepublic,Wherever I Go,0.025263433886309434,0
Post Malone,Same Bitches,0.025276642079187374,0
Mark Ronson,Uptown Funk!,0.025293736260861923,0
Tessanne Chin,I Have Nothing The Voice Performance,0.025305545541958036,0
Mary Lambert,Secrets,0.02531032945197941,0
The Weeknd,Die For You,0.02531438732659986,0
Kodak Black,Tunnel Vision,0.025321127801175732,0
Lilly Wood and The Prick,Prayer In C,0.025346058927207975,0
Omarion,Post To Be,0.02537507379075907,0
Robin Thicke,Get Her Back,0.025411193545501705,0
Pitbull,Messin Around,0.02543583883459575,0
BoB,Not For Long,0.025481392342724153,0
Flume,Never Be Like You,0.025494278492377172,0
Drake and Future,Im The Plug,0.025498586628913432,0
Kendrick Lamar and Travis Scott,Big Shot,0.02550429847916348,0
Fifth Harmony,Bo$$,0.02551987136745112,0
Selena Gomez,Fetish,0.025526574582353873,0
Jason Derulo,Want To Want Me,0.025540565284375767,0
Lil Wayne,Uproar,0.025542143092189593,0
XXXTENTACION,Infinity 888,0.025558531653271883,0
5 Seconds Of Summer,Youngblood,0.02556007399281819,0
Fifth Harmony,Sledgehammer,0.02557469932965631,0
The Chainsmokers,Honest,0.025601335429696705,0
Kendrick Lamar,King Kunta,0.025602892898211722,0
Bhad Bhabie,These Heaux,0.02562300676835615,0
R Kelly,My Story,0.025630900238597442,0
Lady Gaga and Bradley Cooper,Shallow,0.025633694908946264,0
Tank,When We,0.025656259979682183,0
Liam Payne and Rita Ora,For You,0.025661023644210065,0
"Diplo, French Montana and Lil Pump",Welcome To The Party,0.025664846335064613,0
Kendrick Lamar,Love,0.0256758865621675,0
Cash Cash,Take Me Home,0.02571143573717835,0
KONGOS,Come With Me Now,0.02572397938400956,0
Khalid,Vertigo,0.025733035150131294,0
Bruno Mars and Cardi B,Finesse Remix,0.02573340245524352,0
Lauv,I Like Me Better,0.025743363470419754,0
Shawn Mendes,Lost In Japan,0.02576298498376736,0
Kygo,Remind Me To Forget,0.02576614532925413,0
Migos,Handsome And Wealthy,0.025772609288289568,0
Lil Skies,I Know You,0.02577801164565744,0
Pentatonix,Hallelujah,0.025792385860402372,0
Juice WRLD,Armed And Dangerous,0.025802591914714203,0
Future,Rich Sex,0.025819618562595344,0
Clean Bandit,I Miss You,0.02582156969453799,0
The Carters,Nice,0.025821838625332095,0
The Weeknd,Rockin,0.025829493262798653,0
Lady Gaga,The Cure,0.0258344416351063,0
The Chainsmokers and Coldplay,Something Just Like This,0.025844327324785057,0
Prince Royce,Stuck On A Feeling,0.025846884195327186,0
DLOW,Do It Like Me,0.025852127129701384,0
Drake,Ratchet Happy Birthday,0.025861047457794866,0
5 Seconds Of Summer,She Looks So Perfect,0.025877147356264837,0
Fifth Harmony,Down,0.02588818464452296,0
Jason Derulo,If It Aint Love,0.025893958524582737,0
Offset and Metro Boomin,Ric Flair Drip,0.02589446455663878,0
Justin Bieber,Been You,0.025899394390311206,0
Drake and Future,Scholarships,0.025941184017948066,0
Quavo,Flip The Switch,0.025942198370963353,0
Beyonce,Forward,0.025944589947628594,0
YoungBoy Never Broke Again,No Smoke,0.025944654985486867,0
Kodak Black,Transportin,0.025948643363065124,0
Usher,No Limit,0.025951256080610507,0
Kodak Black,Take One,0.025955966622411612,0
Yo Gotti,Law,0.025983571444031173,0
Migos,Call Casting,0.025988066431756024,0
Justin Bieber,Mark My Words,0.02598825706503913,0
Kid Ink,Main Chick,0.02598905318132612,0
Fall Out Boy,Irresistible,0.025993033968945888,0
Jennifer Lopez,First Love,0.025997138246744687,0
Maroon 5,Animals,0.026012617361734495,0
Beyonce,Love Drought,0.026014592558032783,0
Travis Scott,Butterfly Effect,0.026017018402109522,0
YFN Lucci,Key To The Streets,0.026018700449732354,0
"21 Savage, Offset and Metro Boomin",Rap Saved Me,0.026032218062696788,0
Ariana Grande,God Is A Woman,0.026045942860762415,0
Tory Lanez and Rich The Kid,Talk To Me,0.02605511533388369,0
william,Feelin Myself,0.026063957089836786,0
Kid Ink,Show Me,0.02606890251165576,0
Burt Ives,A Holly Jolly Christmas,0.026070882780293646,0
Post Malone,Rich and Sad,0.026090621797721224,0
Kanye West,Waves,0.026098605614196697,0
Derez DeShon,Hardaway,0.026101943546806883,0
YG,Who Do You Love?,0.02610778835554939,0
Marshmello and Anne Marie,Friends,0.02613466441527793,0
Quavo,Rerun,0.026137865584609482,0
Desiigner,Panda,0.02613993729059945,0
Kodak Black,Roll In Peace,0.02615436015218199,0
Rick Ross,The Devil Is A Lie,0.02616722991496296,0
Clean Bandit,Rather Be,0.02618057868896925,0
Linkin Park,Numb,0.02619325653108906,0
Prince Royce,Back It Up,0.02624200137532156,0
Halsey,Not Afraid Anymore,0.026244911861661356,0
XXXTENTACION,Depression and Obsession,0.02625668387574839,0
Lil Uzi Vert,Money Longer,0.02626036159911861,0
Bryson Tiller,Run Me Dry,0.026262230019951704,0
The Weeknd,True Colors,0.026262778981631037,0
"21 Savage, Offset and Metro Boomin",Ghostface Killers,0.026265844612634762,0
Drake,Mob Ties,0.026270589256681683,0
ScHoolboy Q,THat Part,0.026283160349563014,0
Dawin,Dessert,0.026283318796390214,0
Pusha T,If You Know You Know,0.026293809801764798,0
John Legend,All Of Me,0.026298460961585463,0
Bryson Tiller,Somethin Tells Me,0.02630883148108826,0
Drake,Childs Play,0.026312051593993174,0
Michael Jackson,Love Never Felt So Good,0.026314625367749585,0
Sofia Carson,Chillin Like A Villain,0.02631656482810473,0
David Guetta,Bang My Head,0.026319784634787017,0
6ix9ine,FEFE,0.026323791046544535,0
Avicii,Wake Me Up!,0.02633187641518862,0
Avril Lavigne,Hello Kitty,0.026333637881197976,0
Zedd and Kesha,True Colors,0.026358840187071225,0
Drake,Now and Forever,0.02636054185111022,0
Kanye West,No Mistakes,0.026371334183927127,0
DJ Khaled,On Everything,0.026394032348273717,0
Prince And The Revolution,Kiss,0.026423207613681835,0
PARTYNEXTDOOR,Come And See Me,0.026428203520215778,0
The Chainsmokers,The One,0.02642943290305797,0
Hillsong UNITED,Oceans Where Feet May Fail,0.02646196751920472,0
Childish Gambino,V 3005,0.026462178787593563,0
YG,Big Bank,0.02650431601702864,0
Drake,With You,0.026513401024944667,0
"ScHoolboy Q, 2 Chainz and Saudi",X,0.026515062562349635,0
Jason Derulo,Get Ugly,0.026520315912970962,0
Maroon 5,It Was Always You,0.026539326426301,0
Lil Wayne,Demon,0.026548729526823175,0
Future,Extra Luv,0.0265615020205824,0
Playboi Carti,Magnolia,0.02657063645314075,0
Zedd,Stay The Night,0.02657729802790571,0
Ben Rector,Brand New,0.026582916699505722,0
Nicki Minaj,Anaconda,0.02659952662118776,0
Rihanna,Kiss It Better,0.026600490237979352,0
Wham!,Last Christmas,0.02661964229981483,0
Kid Ink,Be Real,0.02661990904017423,0
Demi Lovato,Tell Me You Love Me,0.026630994965654235,0
Calvin Harris,Thinking About You,0.02663552834007206,0
Logic,Contra,0.026640134677395098,0
TakeOff,Casper,0.026651807714041024,0
Charlie Puth,Attention,0.026652292850682005,0
Rae Sremmurd,No Flex Zone,0.026660346210681838,0
Jason Mraz,Have It All,0.026662732616275654,0
Post Malone,Go Flex,0.026670574994596526,0
Adele,Water Under The Bridge,0.0266712863545175,0
Fetty Wap,Jimmy Choo,0.0266752626227568,0
Imagine Dragons,Demons,0.026686129371087938,0
6ix9ine,TATI,0.026686704759234396,0
Migos,Get Right Witcha,0.02669183586284323,0
G Eazy,1942,0.026693216015232505,0
John Mayer,XO,0.026700631194853063,0
Paramore,Aint It Fun,0.026703281689951137,0
Demi Lovato,Sorry Not Sorry,0.02670729383836118,0
Shawn Mendes,Something Big,0.026712277131005612,0
Cardi B,Ring,0.02671720638228657,0
A Ap Ferg,Plain Jane,0.026725473929688534,0
Khalid,Saturday Nights,0.026728876136709104,0
PARTYNEXTDOOR,Not Nice,0.026733545402760437,0
Andy Grammer,Good To Be Alive Hallelujah,0.026743750562631237,0
Khalid and Swae Lee,The Ways,0.026756854920122437,0
Future,You Da Baddest,0.026757289014445452,0
Jason Derulo,Talk Dirty,0.026772441136171016,0
Hailee Steinfeld,Most Girls,0.02679068480669047,0
George Ezra,Budapest,0.026795040756357493,0
Nicki Minaj,Feeling Myself,0.02685490251359664,0
Lil Wayne,What About Me,0.026856219742361596,0
Harry Styles,Sign Of The Times,0.026863643705854475,0
Mariah Carey,Youre Mine,0.026866282942162374,0
G Eazy,I Mean It,0.02687057564105506,0
Panic! At The Disco,High Hopes,0.02687242148195406,0
Jason Derulo,Swalla,0.026874884161389754,0
Shawn Mendes,In My Blood,0.026891722657759295,0
Lil Skies,Lust,0.026914686786246974,0
Young Thug,Anybody,0.026935272823137034,0
5 Seconds Of Summer,Everything I Didnt Say,0.02695090523822303,0
Justin Bieber,The Feeling,0.0269512320329188,0
Passenger,Let Her Go,0.0269569941938394,0
Justin Bieber    and BloodPop,Friends,0.026958291329815254,0
Rihanna,What Now,0.02695963625407584,0
Zedd and Liam Payne,Get Low,0.02696256949049605,0
One Direction,Stockholm Syndrome,0.026973140351009665,0
Shawn Mendes,Treat You Better,0.026976968605712748,0
Dua Lipa,IDGAF,0.02698674979904387,0
Huncho Jack,Saint,0.02700380329795065,0
One Direction,You and I,0.027007509525090005,0
Bruno Mars,Thats What I Like,0.027050418979912602,0
Drake and Future,Plastic Bag,0.027059710131939196,0
Damien,Soldier,0.027096598881508144,0
Lady Gaga,Million Reasons,0.027098889094665384,0
Khalid,Location,0.027101767365816307,0
Chris Brown,X,0.027109271137954315,0
Drake,Legend,0.027126906125693764,0
G Eazy,No Limit,0.027130757022858873,0
The Weeknd,Love To Lay,0.02713907250751164,0
The Chainsmokers,All We Know,0.02713992495330589,0
Katy Perry,Unconditionally,0.027144758505159326,0
One Direction,Never Enough,0.027173341280774536,0
Lana Del Rey,Lust For Life,0.02717794867245013,0
Pitbull,Greenlight,0.027192405971848167,0
Chance The Rapper,No Problem,0.027198162948117503,0
Flo Rida,GDFR,0.027200160559081622,0
Ingrid Michaelson,Girls Chase Boys,0.02720781227457398,0
Lord Huron,The Night We Met,0.027220095017187123,0
Huncho Jack,Huncho Jack,0.02723352995708111,0
Imagine Dragons,Believer,0.027239212547181306,0
Future and Young Thug,All Da Smoke,0.027272055767037083,0
Zayn,Still Got Time,0.02728409533490726,0
Miley Cyrus,Wrecking Ball,0.027286799463179905,0
Lana Del Rey,High By The Beach,0.027301258133739712,0
A Boogie Wit da Hoodie,My Shit,0.027301853098495824,0
Post Malone,Ball For Me,0.027307753716482884,0
A Boogie Wit da Hoodie,Beast Mode,0.027340649800590196,0
China Anne McClain,Whats My Name,0.027368678966580247,0
Trippie Redd,Dark Knight Dummo,0.02737344049059972,0
Zendaya,Replay,0.02737878839955477,0
Curren Y,Bottom Of The Bottle,0.027388236335654657,0
Panic! At The Disco,Emperors New Clothes,0.02739153059977924,0
Ghost Town DJs,My Boo,0.027395035124037192,0
Ellie Goulding,Burn,0.02740137258543596,0
twenty one pilots,Ride,0.027417780530794363,0
Trey Songz,Slow Motion,0.027419803070863513,0
Elle King,Exs and Ohs,0.027420993041311417,0
How I Became The Bomb,"Ulay, Oh",0.027430404870251304,0
Coldplay,Adventure Of A Lifetime,0.02744540906516913,0
alt J,Left Hand Free,0.027452926285850474,0
Justin Bieber,No Sense,0.027453484859511344,0
Drake,Energy,0.02746430472033022,0
Britney Spears,Perfume,0.02748336796961425,0
Jessie J,Flashlight,0.027492755749705926,0
Kid Ink,Body Language,0.027500992026541743,0
Gwen Stefani,Baby Dont Lie,0.027509736923945628,0
Ylvis,The Fox What Does The Fox Say,0.027520077109107245,0
The Weeknd,Ordinary Life,0.027522112912113067,0
G Eazy and Kehlani,Good Life,0.027522285964640705,0
Iggy Azalea,Beg For It,0.027528643047284924,0
Demi Lovato,Sober,0.027544346364597964,0
Pharrell Williams,Happy,0.027555239919036065,0
twenty one pilots,Nico And The Niners,0.027563617527386817,0
Post Malone,Congratulations,0.02756622197088778,0
Lil Uzi Vert,You Was Right,0.027588407888627597,0
The Weeknd,Losers,0.027591902519197572,0
Ellie Goulding and Diplo,Close To Me,0.027599438255620636,0
DeJ Loaf,Try Me,0.027601097934572955,0
Quavo,Pass Out,0.027604032209387373,0
Lil Wayne,Let It All Work Out,0.02760627722862468,0
Nicki Minaj,Rich Sex,0.02760909448062618,0
Kesha,Learn To Let Go,0.02760980329892988,0
Dove Cameron,If Only,0.02762218937681441,0
Post Malone,92 Explorer,0.02762886657481594,0
WALK THE MOON,Shut Up And Dance,0.027642853810748446,0
Future,Low Life,0.02766153460312629,0
SZA,Love Galore,0.027672226304563615,0
Migos,Culture,0.02767730177536318,0
JAY Z,Kill Jay Z,0.027681752828223206,0
Tiesto,Wasted,0.02770394438423808,0
Wiz Khalifa,You And Your Friends,0.027705860508869626,0
Meghan Trainor,Title,0.027710409588495487,0
The 1975,Love Me,0.027718771593311223,0
Drake,Blem,0.027720948727271676,0
Tove Lo,Talking Body,0.02772834574452712,0
Lil Baby,My Dawg,0.02773154365705317,0
Migos,Notice Me,0.027734083236734576,0
J Cole,The Cut Off,0.027737146916081593,0
Cardi B,Bodak Yellow,0.02773959155798234,0
Post Malone,Candy Paint,0.027741615035503396,0
Belly,Might Not,0.02775298509514496,0
Future,Racks Blue,0.027753533968738482,0
Migos,Supastars,0.027763132886434852,0
Shaggy,Habibi I Need Your Love,0.02776788129720654,0
Justin Bieber,Change Me,0.027781421385437977,0
Drake,Too Good,0.027803113849057925,0
The Fray,Love Dont Die,0.027819350206048924,0
Fifth Harmony,Thats My Girl,0.02782268156651964,0
Kelly Clarkson,Heartbeat Song,0.027825063428091018,0
Phillip Phillips,Raging Fire,0.02783712193113577,0
Dua Lipa,New Rules,0.027837779877882534,0
Lil Wayne,Mess,0.027843245757847686,0
Drake,In My Feelings,0.027854010985393432,0
Mac Miller,Self Care,0.027860228187531602,0
Drake,Know Yourself,0.027860537262425152,0
Taylor Swift,You Are In Love,0.02786657981640076,0
Missy Elliott,Im Better,0.02788945630064246,0
Nicki Minaj and Lil Wayne,Changed It,0.027901402833304282,0
Kygo,Firestone,0.027902140020566558,0
Gucci Mane,I Get The Bag,0.02790706327186093,0
French Montana,No Stylist,0.02791276756379107,0
Hugh Jackman,The Greatest Show,0.02791944653598576,0
Kendrick Lamar,God,0.02793173189736359,0
David Guetta,Hey Mama,0.027949618060702015,0
Grace,You Dont Own Me,0.027954704256023748,0
Migos,Fight Night,0.027956024669613583,0
Lil Baby,Close Friends,0.027957161488658025,0
Imagine Dragons,Bad Liar,0.027972688697563017,0
CL,LIFTED,0.0279914201631479,0
Lil Baby,Southside,0.02799791552149694,0
Ty Dolla sign,Paranoid,0.028010827706115793,0
Nicki Minaj,Ganja Burns,0.02802048171390287,0
American Authors,Best Day Of My Life,0.028028287706877975,0
David Guetta,2U,0.028078635181441342,0
A Ap Rocky,A$AP Forever,0.028093203899006824,0
Future,Rent Money,0.02809947787188094,0
Pitbull,Fireball,0.02810096999567951,0
Camila Cabello,Never Be The Same,0.0281063663097314,0
Bryson Tiller,Self Made,0.02810742676134602,0
Jake Owen,Real Life,0.02811287488062611,0
Iggy Azalea,Team,0.02812896918021488,0
Maroon 5,Maps,0.028134325407721726,0
Juice WRLD,Lucid Dreams,0.028136446669066555,0
Rihanna,Sex With Me,0.028137839921811996,0
Chris Brown,Liquor,0.02815525205320449,0
NAV,Champion,0.028172306541893594,0
"Jay Rock, Kendrick Lamar, Future and James Blake",Kings Dead,0.028179181494897267,0
Ariana Grande,Right There,0.028184951420663323,0
Drake,6 Man,0.02818597041893355,0
J Cole,Ville Mentality,0.02820369231020396,0
Bruno Mars,Young Girls,0.028210926930264814,0
DJ Khaled,Wild Thoughts,0.028212683400680387,0
Kanye West,Father Stretch My Hands Pt 1,0.02821710004018455,0
Rihanna,Love On The Brain,0.028220814146460414,0
Khalid,Suncity,0.02823020891678891,0
Metro Boomin,Up To Something,0.02823599761489235,0
Zayn,Pillowtalk,0.02823954319173062,0
Charlie Puth,How Long,0.02825307129143021,0
Paramore,Hard Times,0.028253989620358085,0
Drake,Nonstop,0.02825666148251898,0
Trippie Redd,Negative Energy,0.028269521093027817,0
J Cole,For Whom The Bell Tolls,0.028285900006415315,0
"Zedd, Maren Morris and Grey",The Middle,0.028297835050307273,0
Katy Perry,Rise,0.02829821699502674,0
Nicki Minaj,Get On Your Knees,0.02830756731364128,0
Nico and Vinz,In Your Arms,0.028316782069509407,0
YBN Nahmir,Rubbin Off The Paint,0.028329855972230228,0
Justin Bieber,All That Matters,0.028333158744916386,0
Quavo,Biggest Alley Oop,0.028352836380887324,0
Sam Smith,Too Good At Goodbyes,0.02836567927256106,0
Meek Mill,All Eyes On You,0.028374635402168634,0
Justin Bieber,Love Yourself,0.02838970011924655,0
Calvin Harris and Dua Lipa,One Kiss,0.028392288173426993,0
DJ Luke Nasty,OTW,0.0284046649135444,0
6ix9ine,Kooda,0.0284102077515181,0
Beyonce,6 Inch,0.028414981510784473,0
Lil Uzi Vert,X,0.02841560523962156,0
Jidenna,Classic Man,0.02844029076513331,0
Logic,1 800 273 8255,0.028442557711616336,0
"Khalid, Ty Dolla sign and 6LACK",OTW,0.028471211519246732,0
Young Thug,Wyclef Jean,0.028474804950495734,0
Gucci Mane,Both,0.02848156266911775,0
Usher,I Dont Mind,0.028489174680654174,0
Future,Super Trapper,0.028504013558498725,0
Carrie Underwood,The Champion,0.028508466901786992,0
Calvin Harris,Summer,0.028510525553924946,0
Logic,Warm It Up,0.028510623651493587,0
Rihanna,Needed Me,0.028518593829543658,0
Charlie Puth,Marvin Gaye,0.02852716286642746,0
2 Chainz,Proud,0.028529543508371405,0
Drake,Right Hand,0.028530360540647545,0
Post Malone,Psycho,0.028535784439720872,0
Beyonce,XO,0.028545791040854814,0
Fetty Wap,Wake Up,0.028554597306586087,0
The Weeknd and Kendrick Lamar,Pray For Me,0.028554693611917006,0
Machine Gun Kelly and Camila Cabello,Bad Things,0.028558126426166747,0
Ariana Grande,Santa Tell Me,0.028570901210284907,0
A Boogie Wit da Hoodie,No Promises,0.028573405460381365,0
Fetty Wap,Trap Queen,0.0285765562467699,0
Drake and Future,Digital Dash,0.02858422192261424,0
Drake,Controlla,0.0285958803440235,0
Sara Bareilles,I Choose You,0.028602443397633483,0
Famous Dex,Japan,0.028614736013917376,0
Panic! At The Disco,Death Of A Bachelor,0.028622294303894572,0
Kodak Black,ZEZE,0.02862871574794659,0
Big Sean,Moves,0.028656136089523044,0
Huncho Jack,Eye 2 Eye,0.028659162475225798,0
Ed Sheeran,Shape Of You,0.02869478552344872,0
Mariah Carey,All I Want For Christmas Is You,0.028698476540521146,0
ScHoolboy Q,Collard Greens,0.028708407692827256,0
French Montana,No Shopping,0.028718775459740064,0
Imagine Dragons,Roots,0.028730640787773314,0
Lil Uzi Vert,XO TOUR Llif3,0.028747676876780048,0
Meghan Trainor,Like Im Gonna Lose You,0.02876372091357645,0
Cardi B,Bickenhead,0.028766002112209258,0
DJ Khaled,Hold You Down,0.02879220268621873,0
J Cole,Foldin Clothes,0.028829450152363573,0
The Black Keys,Fever,0.02883199126158508,0
Meek Mill,Blessed Up,0.02883264502520278,0
"Jessie J, Ariana Grande and Nicki Minaj",Bang Bang,0.028843638533300662,0
Machine Gun Kelly,At My Best,0.02887689181700325,0
Coldplay,A Sky Full Of Stars,0.028902279865845176,0
Huncho Jack,Dubai Shit,0.028907264343176628,0
Demi Lovato,Body Say,0.028912818523739295,0
K Camp,Cut Her Off,0.028917149840086556,0
A Boogie Wit da Hoodie,Timeless,0.028926076770597817,0
David Bowie,Lazarus,0.028931214635712202,0
Yo Gotti,Errrbody,0.028939289081782234,0
Drake,Since Way Back,0.028954470651722592,0
Justin Timberlake,TKO,0.028955602495982127,0
Ellie Goulding,Something In The Way You Move,0.028973500354612814,0
Pardison Fontaine,Backin It Up,0.028985330003693875,0
The Chainsmokers,This Feeling,0.029010836723072565,0
Jennifer Lopez,Love Make The World Go Round,0.02902087677405837,0
Rae Sremmurd,Close,0.02903693379490665,0
Cardi B,Best Life,0.02904713725305753,0
Nicky Jam,El Perdon Forgiveness,0.029051495309180816,0
Niall Horan,Slow Hands,0.0290597868079734,0
Marshmello and Bastille,Happier,0.029065184597582987,0
Ariana Grande,REM,0.029065450787017312,0
Maluma and Nego do Borel,Corazon,0.029069357630264907,0
twenty one pilots,Cancer,0.029081913395332358,0
Travis Scott,Antidote,0.029088223647009328,0
"Nicki Minaj, Drake and Lil Wayne",No Frauds,0.02911079902351678,0
Ed Sheeran,Happier,0.0291339385222889,0
One Direction,Drag Me Down,0.029148533482890204,0
Shawn Mendes,Life Of The Party,0.0291690527160819,0
Trey Songz,Foreign,0.029188902628589482,0
Chris Brown,Little More Royalty,0.02919135344766877,0
Juice WRLD,Legends,0.029196839913573195,0
Common,Glory,0.029204335199947213,0
Sophia Grace,Best Friends,0.029211660144062894,0
Lil Baby and Gunna,I Am,0.029213640009567752,0
Bebe Rexha and Florida Georgia Line,Meant To Be,0.029222766123064743,0
Drake,Peak,0.029227888447207622,0
Drake,Hype,0.029229579722528477,0
Logic and Marshmello,Everyday,0.02923210104087087,0
A Boogie Wit da Hoodie,Say A,0.0292429898073423,0
SoMo,Ride,0.02925243306355517,0
Kodak Black,"If Im Lyin, Im Flyin",0.0292583415423407,0
Cardi B,Thru Your Phone,0.029276033145172402,0
Empire Cast,Keep Your Money,0.029285793628292707,0
Kiesza,Hideaway,0.02929202463830581,0
Lil Mosey,Noticed,0.029323072162043468,0
Drake,10 Bands,0.029325212225215544,0
Janelle Monae and Jidenna,Yoga,0.029330918755937248,0
Wale,Running Back,0.029332834586934746,0
Flo Rida,My House,0.02933981886377584,0
Katy Perry,Swish Swish,0.029341674618077688,0
Steve Aoki and Louis Tomlinson,Just Hold On,0.029342033010007585,0
Meek Mill,Litty,0.029351179098235074,0
The Weeknd,Prisoner,0.02935295362730759,0
Metro Boomin,No Complaints,0.029367213387427555,0
Flipp Dinero,Leave Me Alone,0.029367236664772405,0
Justin Timberlake,Cant Stop The Feeling!,0.029376780141284666,0
Meek Mill,Jump Out The Face,0.029380429344260533,0
Post Malone,I Fall Apart,0.029382401405143192,0
Justin Bieber,Ill Show You,0.029387792488487333,0
Kendrick Lamar,Pride,0.02939200109024441,0
XXXTENTACION,Moonlight,0.029411507800074937,0
Childish Gambino,Feels Like Summer,0.029412157922702572,0
Ariana Grande,The Light Is Coming,0.02942152630057999,0
Taylor Swift,Bad Blood,0.0294470156091966,0
Jamie Foxx,You Changed Me,0.02948145696742802,0
Leonard Cohen,Hallelujah,0.029485757160800603,0
DJ Luke Nasty,Might Be,0.029485780536050957,0
One Direction,If I Could Fly,0.02948701753028448,0
Sage The Gemini,Gas Pedal,0.029491130579336583,0
Marshmello,Silence,0.02952131059643824,0
Justin Bieber,No Pressure,0.02953028930605682,0
XXXTENTACION and Lil Pump,Arms Around You,0.029531128078325555,0
G Eazy,The Plan,0.02953307905128424,0
NF,Let You Down,0.02953319981414197,0
Drake,Feel No Ways,0.029559623480892902,0
Lil Wayne,Dark Side Of The Moon,0.02957085606988813,0
Bruno Mars,Versace On The Floor,0.02957690990140866,0
J Cole,KOD,0.029619025776379395,0
Coldplay,Hymn For The Weekend,0.029620149149725772,0
Katy Perry,Birthday,0.029652825682534106,0
Jeremih,Oui,0.029656422758900527,0
U2,Ordinary Love,0.02966012605048972,0
blackbear,Do Re Mi,0.029670734281223052,0
YoungBoy Never Broke Again,Outside Today,0.02967975244790422,0
Fall Out Boy,Uma Thurman,0.029701604512290238,0
Drake and Future,Diamonds Dancing,0.02970872828305227,0
Zayn,Dusk Till Dawn,0.02970920651016421,0
Kendrick Lamar,DNA,0.02971083222651419,0
Jhene Aiko,Sativa,0.02971326749552938,0
Drake,Hotline Bling,0.02971946943086837,0
Daya,Hide Away,0.029729574039395534,0
Pia Mia,Do It Again,0.029738384044376166,0
Ariana Grande,Side To Side,0.02974133579501764,0
Drake,Nothings Into Somethings,0.02975123941674092,0
Future,Used To This,0.029755393769084655,0
The Revivalists,Wish I Knew You,0.029767372912256417,0
Kanye West,All Mine,0.02977324578387238,0
Adele,Send My Love To Your New Lover,0.029777137354836055,0
Jessie J,Masterpiece,0.029784137182715994,0
Natalie La Rose,Somebody,0.029823016054567754,0
Lil Yachty,Boom!,0.029825582261998423,0
Liam Payne,Strip That Down,0.029850698099718683,0
Post Malone,Zack And Codeine,0.029862949619908513,0
J Cole,Photograph,0.029881939402116864,0
Taylor Swift,End Game,0.02988541365028807,0
Future,Stick Talk,0.029898848593772728,0
Metro Boomin,No More,0.02989912814082706,0
Bryson Tiller,Sorry Not Sorry,0.029903777110959498,0
K Camp,Comfortable,0.029904479829918333,0
Future and Juice WRLD,Jet Lag,0.029915530299938133,0
Future,Selfish,0.029919170874952,0
Drake,Madiba Riddim,0.029927477790102575,0
Trippie Redd,1400 / 999 Freestyle,0.0299317958286154,0
Metro Boomin,Overdue,0.029935089225325756,0
Quality Control,Too Hotty,0.02994167826067244,0
JAY Z,Moonlight,0.02995960161381369,0
Little Mix,Shout Out To My Ex,0.029964440122631244,0
Sam Smith,Writings On The Wall,0.02996560996782199,0
Rae Sremmurd,Perplexing Pegasus,0.02997279837935162,0
XXXTENTACION,Carry On,0.02997840799046455,0
Kanye West,I Thought About Killing You,0.029984386990770613,0
Pharrell Williams and Camila Cabello,Sangria Wine,0.02998857407450847,0
Hailee Steinfeld and Alesso,Let Me Go,0.03000687840676346,0
Adele,Remedy,0.03001128849382322,0
JAY Z,Family Feud,0.030015417926996874,0
Selena Gomez,Good For You,0.030016878433216626,0
Major Lazer and DJ Snake,Lean On,0.030031717628278314,0
Charlie Puth,We Dont Talk Anymore,0.03003492797431106,0
Travis Scott,Beibs In The Trap,0.030040204303676706,0
Soko,We Might Be Dead By Tomorrow,0.030051232543793268,0
KIDS SEE GHOSTS,KIDS SEE GHOSTS,0.03005308155966615,0
Kris Wu,Like That,0.030061157992565944,0
Fetty Wap,My Way,0.03006533640196398,0
The 1975,Chocolate,0.030065483405125402,0
Pentatonix,Little Drummer Boy,0.030077751820134748,0
Migos,CC,0.03008039614291655,0
Kendrick Lamar,Yah,0.030087861272620926,0
Khalid and Normani,Love Lies,0.0300952752824045,0
Chance The Rapper,Blessings,0.030131381095151077,0
The White Buffalo,Come Join The Murder,0.030139303468988066,0
Zay Hilfigerrr,Juju On That Beat TZ Anthem,0.03014835233894306,0
Frenship and Emily Warren,Capsize,0.03016661987270941,0
Ariana Grande,Beauty And The Beast,0.030175306028167172,0
NAV,Wanted You,0.03017594180214549,0
Avicii,Hey Brother,0.030180395264994924,0
YoungBoy Never Broke Again,I Am Who They Say I Am,0.03018692886411229,0
Frank Ocean,Chanel,0.03018879786205795,0
Lana Del Rey,Summertime Sadness Cedric Gervais Remix,0.03019576063403571,0
Migos,Bad And Boujee,0.030219608080752754,0
Nicki Minaj,The Night Is Still Young,0.030219866517920555,0
Metro Boomin,10 Freaky Girls,0.030222383061719982,0
Charlie Puth,One Call Away,0.03022276413047569,0
Jacob Sartorius,Sweatshirt,0.030227206206805995,0
Beyonce,Daddy Lessons,0.030243483154981265,0
Kevin Gates,Change Lanes,0.030248359548834692,0
Jess Glynne,Hold My Hand,0.030282049037900532,0
Ciara,I Bet,0.030294728824411536,0
Nick Jonas,Levels,0.030303684478535136,0
5 Seconds Of Summer,Good Girls,0.03030470381275626,0
Fifth Harmony,All In My Head Flex,0.030304853321764382,0
Nick Jonas,Jealous,0.03032836437740977,0
Drake,Jorja Interlude,0.030333634662030193,0
Post Malone,Rockstar,0.03034715253962953,0
Hilary Duff,Sparks,0.030352379011665494,0
Sia,Elastic Heart,0.030360195725260348,0
2 Chainz,4 AM,0.03036413511731069,0
TI,No Mediocre,0.030365278406610897,0
Kungs vs Cookin On 3 Burners,This Girl,0.03036762248999278,0
Tiesto,Red Lights,0.03037372292405368,0
AJR,Burn The House Down,0.030393449440527222,0
Billie Eilish,Ocean Eyes,0.030409771273416094,0
6ix9ine,Stoopid,0.030419162185504903,0
Gucci Mane,Stunting Aint Nuthin,0.030430886369909507,0
Meghan Trainor,Lips Are Movin,0.030442307275121108,0
Mumford and Sons,Believe,0.03044835135653244,0
Young MA,OOOUUU,0.030449784309440633,0
The Lumineers,Ophelia,0.030454922530201538,0
XXXTENTACION,The Remedy For A Broken Heart Why Am I So In Love,0.03046619751942556,0
Lil Uzi Vert,Dark Queen,0.03046709552347536,0
Drake,Gyalchester,0.030473510737449357,0
Travis Scott,NC 17,0.030484378828581817,0
TeeFLii,24 Hours,0.030490530296130292,0
One Direction,Best Song Ever,0.030493345865145304,0
Iggy Azalea,Work,0.03050176028571543,0
Lorde,Green Light,0.03050499866697094,0
Meghan Linsey,Change My Mind,0.030516839255174275,0
Tove Lo,Habits Stay High,0.030517043742790847,0
J Cole,Wet Dreamz,0.030533835801979905,0
Playboi Carti,Shoota,0.0305391846047136,0
Kanye West,Pt 2,0.03054545277381129,0
Dreezy,Body,0.030570672645256907,0
Disclosure,Omen,0.03057137932245613,0
Lady Gaga,GUY,0.03057612608757527,0
Young Thug,With Them,0.03058993794107816,0
Meek Mill,Dangerous,0.03059779930745928,0
Drake,Portland,0.030607392765891975,0
Huncho Jack,Motorcycle Patches,0.030610816060469302,0
Kesha,Praying,0.030611192420465817,0
Big Sean,Play No Games,0.030626714785641693,0
MAGIC!,Rude,0.030633907958142928,0
Drake,Teenage Fever,0.030658418727119004,0
Nick Jonas and Nicki Minaj,Bom Bidi Bom,0.03070117629195619,0
Pitbull,Fun,0.030759769652714226,0
Justin Timberlake,Filthy,0.03076470869127906,0
Wiz Khalifa,Something New,0.030772226998574095,0
Cardi B,Be Careful,0.03077922857452581,0
XXXTENTACION,Revenge,0.030780110615096466,0
Halsey,Without Me,0.03082199336222882,0
Ella Henderson,Ghost,0.030822430753963265,0
Major Lazer,Cold Water,0.030830892309324318,0
Kendrick Lamar and SZA,All The Stars,0.030834084383419055,0
Wiz Khalifa,Bake Sale,0.030848295059309826,0
ScHoolboy Q,Studio,0.030850589596665895,0
Demi Lovato,Cool For The Summer,0.03085105841115234,0
Empire Cast,Youre So Beautiful,0.03085618876023725,0
Meek Mill,Monster,0.030883862582089947,0
Amine,Caroline,0.030887698864586074,0
2 Chainz,Gotta Lotta,0.030896506746905424,0
The Game,All Eyez,0.030904519020702122,0
XXXTENTACION,Hope,0.03094012210971914,0
Mac Miller,100 Grandkids,0.030940595530634506,0
Migos,Gang Gang,0.03094258816430089,0
Trey Songz,"Touchin, Lovin",0.03094319046770322,0
Metro Boomin,Space Cadet,0.030951477316756352,0
Chris Brown and Tyga,Ayo,0.030956156508655495,0
Robin Thicke,Blurred Lines,0.030957488673814756,0
Young Thug And Travis Scott,Pick Up The Phone,0.030962582364620038,0
Rae Sremmurd,Swang,0.030964483504074627,0
Zedd and Elley Duhe,Happy Now,0.030999218037529752,0
Alice Merton,No Roots,0.031007074037927202,0
"Lil Wayne, Wiz Khalifa and Imagine Dragons",Sucker For Pain,0.03100776427349776,0
Lil Peep and XXXTENTACION,Falling Down,0.031010247877708463,0
Drake,Signs,0.031024974616269973,0
The Weeknd,Acquainted,0.031084942548617985,0
John Legend,You and I,0.031088869547615024,0
J Cole,She Knows,0.031124473309142434,0
Afrojack,Ten Feet Tall,0.031129232665174866,0
Bobby Shmurda,Hot Nigga,0.031163680011315337,0
SZA,Broken Clocks,0.03116464544524897,0
Michael Jackson,Billie Jean,0.03116726204340249,0
Drake,Still Here,0.03119139587750608,0
Sam Smith,Pray,0.03119192216144918,0
Nicki Minaj,Barbie Tingz,0.0312007766767345,0
Janet Jackson,No Sleeep,0.0312272872650935,0
Gucci Mane and Drake,Back On Road,0.03123408254880838,0
YoungBoy Never Broke Again,Untouchable,0.031234352227399988,0
Maroon 5,Cold,0.03123875918614346,0
Katy Perry,Chained To The Rhythm,0.031241425966724676,0
Lil Wayne,Used 2,0.031242365552463774,0
HER,Couldve Been,0.031249109467890127,0
Lil Baby and Drake,Yes Indeed,0.031266244426732835,0
OMI,Cheerleader,0.031272787376589534,0
Travis Scott,Coffee Bean,0.031281672702982585,0
Wiz Khalifa,Go Hard Or Go Home,0.03128230508857975,0
Zedd and Alessia Cara,Stay,0.03128383821896013,0
Empire Of The Sun,Walking On A Dream,0.031289902093900486,0
BlocBoy JB,Look Alive,0.031290625631333245,0
Pentatonix,Cant Sleep Love,0.03130030745122438,0
Trey Songz,About You,0.031312760320410485,0
Queen Naija,Medicine,0.03132097734470329,0
Kodak Black,First Day Out,0.03132791871677834,0
Kendrick Lamar,Alright,0.0313387509865962,0
Pusha T,What Would Meek Do?,0.03134630049847546,0
Drake,Final Fantasy,0.03135913212323952,0
Empire Cast,Conqueror,0.031365192767664966,0
Kelly Clarkson,Piece By Piece,0.03140573861176179,0
Tiesto and Dzeko,Jackie Chan,0.031433508771851866,0
Missy Elliott,WTF Where They From,0.03143479884777328,0
Panic! At The Disco,Say Amen Saturday Night,0.03143506415562413,0
Metro Boomin,Dont Come Out The House,0.03144567539566476,0
J Cole,Immortal,0.03144858699973913,0
Travis Scott,Skeletons,0.031453759025629476,0
Imagine Dragons,Whatever It Takes,0.03145414419423991,0
Big Sean,Sacrifices,0.03145462771384122,0
Bryson Tiller,Exchange,0.03145469093326049,0
Pitbull,Timber,0.031455477888620756,0
One Direction,Ready To Run,0.031456266053883665,0
J Cole,Neighbors,0.03147130816219092,0
The Weeknd,Dark Times,0.03147849193472286,0
Migos and Marshmello,Danger,0.03148660224941936,0
Young Thug,Best Friend,0.0314985905590237,0
Lorde,Team,0.031501967775891704,0
Travis Scott,Wake Up,0.031511900922638954,0
Nelly,The Fix,0.031517757711631414,0
Huncho Jack,Modern Slavery,0.03151940628069718,0
Enrique Iglesias,Heart Attack,0.03152385528381452,0
Jason Derulo,Marry Me,0.03153032995139316,0
Backstreet Boys,Dont Go Breaking My Heart,0.03153094112144835,0
Lil Baby and Gunna,Business Is Business,0.03153097627865376,0
Logic,Overnight,0.03153374985002597,0
Kodak Black,No Flockin,0.03154151407585959,0
Rita Ora,I Will Never Let You Down,0.031551515444789485,0
Kodak Black,Conscience,0.03156890420542627,0
Drake,KMT,0.03156979778015779,0
Idina Menzel,Let It Go,0.03157087787093062,0
Logic,Yuck,0.031572356951414624,0
Justin Bieber,We Are,0.03157893685965282,0
Demi Lovato,Really Dont Care,0.031583725171114026,0
Future,Wifi Lit,0.031592354760907354,0
J Cole,Shes Mine Pt 1,0.0315925248486109,0
Band Aid 30,Do They Know Its Christmas?,0.031604538480296866,0
Bryson Tiller,No Longer Friends,0.031607743285689646,0
Meek Mill,Whatever You Need,0.03161160922444956,0
Kevin Gates,Let It Sing,0.031614677556240624,0
Young Thug,Relationship,0.03161737192944477,0
Pitbull,Wild Wild Love,0.03161890227987065,0
Gorillaz,Humility,0.031636935198697966,0
Walt Disney Records,Love Is An Open Door,0.03164127056888907,0
Portugal The Man,Feel It Still,0.03164746075019076,0
Ed Sheeran,Dive,0.03165458303460608,0
Travis Scott,Cant Say,0.03167997560218279,0
Calvin Harris,Feels,0.03168078193258698,0
P!nk,Just Like Fire,0.03168489818303176,0
Nicki Minaj,Chun Li,0.0316860258134179,0
Beyonce,All Night,0.03170735724756072,0
James Bay,Let It Go,0.03171032704263687,0
Nicky Jam,With You Tonight / Hasta El Amanecer,0.03171385626974037,0
Lil Baby and Gunna,Belly,0.031724796752226704,0
One Direction,History,0.0317393328793553,0
SOB x RBE,Paramedic!,0.031741263101324656,0
DNCE,Toothbrush,0.031741726890992396,0
Gucci Mane,Met Gala,0.031764233519536174,0
Quavo,Huncho Dreams,0.03177246918412596,0
Fall Out Boy,Immortals,0.031816143488914844,0
Ariana Grande,Be Alright,0.03182440401788122,0
Future,Draco,0.03184527201413817,0
Calvin Harris,Rollin,0.031855026100292116,0
Milky Chance,Stolen Dance,0.03185915355946477,0
Travis Scott,RIP Screw,0.03187699205792941,0
Meek Mill,Froze,0.03189326125495878,0
Pharrell Williams,Come Get It Bae,0.031912207697552625,0
Migos,T Shirt,0.031919320951982993,0
Linkin Park,In The End,0.03195176217568029,0
Meek Mill,Bad For You,0.03196081297187454,0
Travis Scott,5% Tint,0.03196240440946979,0
Ariana Grande,Let Me Love You,0.03196608577287155,0
Chris Brown,High End,0.031985253208214263,0
Drake,Talk Up,0.03198675532877669,0
DJ Khaled and Calvin Harris,Dont Quit,0.031990283014793446,0
Wiz Khalifa,Hopeless Romantic,0.03199788247023024,0
Pusha T,The Games We Play,0.03199840449525828,0
Flo Rida,How I Feel,0.03199949983647321,0
Migos,Slippery,0.032009177733171544,0
Martin Garrix,Ocean,0.0320188053530612,0
Martin Garrix and Troye Sivan,There For You,0.03202446274119942,0
Drake,Faithful,0.032056033237209264,0
Blink 182,Bored To Death,0.03208187286703901,0
Lil Baby,Deep End,0.03209336643037679,0
Ellie Goulding,Explosions,0.03211305940291501,0
Future and Young Thug,No Cap,0.032124083342758486,0
Offset and Metro Boomin,Nightmare,0.032124789664679645,0
J Cole,Apparently,0.03212667475959186,0
Drake,No Tellin,0.03212727998217807,0
Pusha T,Infrared,0.03213089058825465,0
Kanye West,FML,0.03214508482470908,0
lovelytheband,Broken,0.032154043776019076,0
Drake,Cant Take A Joke,0.03215444655997319,0
Future,Comin Out Strong,0.03215492031613527,0
Big Sean,Jump Out The Window,0.03215610763627004,0
Travis Scott,Goosebumps,0.032158499963111896,0
Meek Mill,Heavy Heart,0.03216981277807782,0
Calvin Harris and Sam Smith,Promises,0.03221283473052817,0
Lady Gaga,A YO,0.03221307268016903,0
Drake,Finesse,0.03221595842701143,0
Kanye West,Yikes,0.032238341159451615,0
Macklemore,Glorious,0.03223980096236344,0
Future and Young Thug,Three,0.03224213189653845,0
21 Savage,Famous,0.032245124180582875,0
T Pain,Up Down Do This All Day,0.03227000295468983,0
David Guetta,Dangerous,0.03227518416076539,0
Andy Grammer,Fresh Eyes,0.032300334370290555,0
DJ Snake,Middle,0.032304353990986884,0
G Eazy,Random,0.032320155906243944,0
Meek Mill,Millidelphia,0.03233991785713702,0
Future,Zoom,0.032341350303925,0
Travis Scott,Yosemite,0.03238540354913146,0
J Cole,No Role Modelz,0.03239104001481085,0
Lil Wayne,Took His Time,0.03239375930500323,0
Drake,Sandras Rose,0.032409822733576364,0
Drake,One Dance,0.03241367369600595,0
The Chainsmokers,Side Effects,0.032419690274823,0
Chris Brown,Back To Sleep,0.032438333466560186,0
Sam Smith,Like I Can,0.03245601433700605,0
Drake,Worst Behavior,0.03247403380717248,0
Justin Bieber,Trust,0.0324867068600996,0
LSD,Thunderclouds,0.03249584722591691,0
DRAM,Broccoli,0.03250521603688731,0
Post Malone,Stay,0.03251354170281746,0
Lil Baby and Gunna,Drip Too Hard,0.03253129642951225,0
Hilary Duff,Chasing The Sun,0.03254048974792099,0
Meek Mill,Offended,0.032581603846408576,0
Drake,Sneakin,0.03261045659823359,0
Drake,Summer Games,0.03262217926692028,0
Drake,Jaded,0.0326285926240972,0
James Arthur,Say You Wont Let Go,0.03265482892693461,0
Keala Settle,This Is Me,0.03267173465671433,0
DJ Khaled,For Free,0.032700854525351424,0
Migos,Auto Pilot,0.03270251604165638,0
DJ Drama,Wishing,0.032709762550961995,0
Calvin Harris,Faking It,0.0327232273818895,0
Future,4 Da Gang,0.03274041770883188,0
Prince,When Doves Cry,0.03274358615588339,0
Lil Uzi Vert,New Patek,0.03274610265737405,0
Lil Wayne,Hittas,0.032781043434057536,0
Taylor Swift,Ready For It?,0.03279281437942317,0
Maroon 5,This Summers Gonna Hurt,0.032797382939424975,0
Avicii,The Days,0.03280061311379788,0
Brett Young,Mercy,0.03280374351681288,0
Big Sean and Metro Boomin,Pull Up N Wreck,0.032805953421772345,0
Drake,"Hold On, Were Going Home",0.032812798501846305,0
Travis Scott,Sicko Mode,0.03281895036871775,0
Sam Smith,Lay Me Down,0.03281948111376761,0
Khalid,Better,0.032825979215831136,0
Eminem and Jessie Reyez,Nice Guy,0.032835690341561405,0
Fall Out Boy,Centuries,0.0328451448019109,0
Sia,Chandelier,0.03286785854873999,0
Ty Dolla sign,Blase,0.03287145083478294,0
Drake,Redemption,0.032875239699377085,0
Plies,Real Hitta,0.032881511960938636,0
Linkin Park,Heavy,0.03288251314346151,0
Florence   The Machine,What Kind Of Man,0.03290177627212611,0
Mason Ramsey,Famous,0.03292860938171915,0
Zac Efron,Rewrite The Stars,0.032965197661166845,0
Lil Uzi Vert,The Way Life Goes,0.0329667630416091,0
Bruno Mars,Gorilla,0.0330085777420041,0
Lil Dicky,$ave Dat Money,0.03301089610594342,0
DJ Khaled,How Many Times,0.03301510677842691,0
Train,Play That Song,0.0330172150041012,0
Justin Bieber,Purpose,0.03302906379471262,0
Juice WRLD,All Girls Are The Same,0.033038108577941774,0
Big Sean,Light,0.033046290278623866,0
Selena Gomez,The Heart Wants What It Wants,0.033062340562428,0
Lana Del Rey,Ultraviolence,0.033066295718428965,0
Logic,Everybody,0.033083485419600045,0
Drake,Elevate,0.033105421384579885,0
DNCE,Cake By The Ocean,0.03312177048460216,0
Lil Wayne,Perfect Strangers,0.03312323363052399,0
WALK THE MOON,One Foot,0.03316257484864469,0
Jacquees and Dej Loaf,At The Club,0.03318848784602343,0
TI,About The Money,0.033189555778125567,0
Logic,Midnight,0.03319116671268914,0
Lil Wayne,Dope Niggaz,0.03320117899780616,0
Iggy Azalea,Fancy,0.03320712863172912,0
Echosmith,Bright,0.03322042926983628,0
Bryson Tiller,Dont Get Too High,0.03323889388779986,0
Big Sean,All Your Fault,0.0332425801828577,0
Sage The Gemini,Now and Later,0.03324488059103469,0
Drake,Pound Cake / Paris Morton Music 2,0.03324602094013108,0
The Chainsmokers,Closer,0.033257349184071805,0
Calvin Harris,Heatstroke,0.03327147625629107,0
DJ Khaled,No Brainer,0.03328090711259404,0
Gucci Mane and Nicki Minaj,Make Love,0.03328548081422252,0
Queen Naija,Karma,0.03329497599400926,0
Panic! At The Disco,Hallelujah,0.03330158785535849,0
Future and Juice WRLD,Fine China,0.033320237953961954,0
Luke Bryan,Light It Up,0.033324556431607616,0
Ariana Grande,Into You,0.03332952663130809,0
Lana Del Rey,West Coast,0.0333450421312394,0
Miguel,Sky Walker,0.03335731079810067,0
YoungBoy Never Broke Again,Overdose,0.033365988840103826,0
Missy Elliott,Work It,0.033379285144071624,0
OneRepublic,Counting Stars,0.033407350557541474,0
Charli XCX,Break The Rules,0.033426133634803026,0
gnash,Home,0.03342821755918767,0
Bazzi,Beautiful,0.03344121448130511,0
Childish Gambino,I Crawl,0.03344235733521387,0
Dua Lipa,Blow Your Mind,0.03344461366605493,0
The Weeknd,In The Night,0.03344952516261396,0
Lorde,Tennis Court,0.03345198983314652,0
Kanye West,Champions,0.03350619483266659,0
Drake,Thats How You Feel,0.03351800668081716,0
Drake,6 God,0.033522694109847845,0
Kodak Black,Everything 1K,0.033527818439648235,0
Lil Baby and Gunna,Off White VLONE,0.03354340609699401,0
The Weeknd,Sidewalks,0.033548932805015946,0
Chris Brown,Loyal,0.033556544276620325,0
Sam Smith,Have Yourself A Merry Little Christmas,0.03356591638521921,0
Post Malone,Sugar Wraith,0.03358158658856361,0
Nicki Minaj,Barbie Dreams,0.03359243619947971,0
Lady Gaga,Is That Alright?,0.033601359102217274,0
Halsey,New Americana,0.03361621438207514,0
Logic,Indica Badu,0.03362500861138055,0
Bruno Mars,24K Magic,0.033654592639082666,0
Big Sean,Paradise,0.03366697575193889,0
Eminem,Infinite,0.0336676939253328,0
Kendrick Lamar,Element,0.03367531994306194,0
Gucci Mane,Curve,0.033680804542808196,0
JAY Z,4:44,0.033685356790802055,0
Sevyn Streeter,It Wont Stop,0.03369602231174912,0
Bradley Cooper,Maybe Its Time,0.033715912737920024,0
Drake,9,0.03371632489616497,0
Meek Mill,Lord Knows,0.033738730376585424,0
Tinashe,2 On,0.03374669196800614,0
OneRepublic,Love Runs Out,0.0337515647144362,0
DJ Khaled,Shining,0.03377079251330683,0
NERD and Rihanna,Lemon,0.033776249180893725,0
French Montana,Bad Bitch,0.033778108701132056,0
Bastille,Pompeii,0.033785455711435944,0
One Direction,Temporary Fix,0.033785799454655666,0
Tegan And Sara,Everything Is AWESOME!!!,0.03378831573485051,0
Drake,Diplomatic Immunity,0.03379719417487643,0
Drake,Views,0.03380675804296219,0
Rae Sremmurd,Powerglide,0.03380913350202129,0
K Michelle,Cant Raise A Man,0.033835217837031493,0
Big Sean,Blessings,0.03383903916431,0
Foster The People,Sit Next To Me,0.03386276796683089,0
Jessie J,Burnin Up,0.033877642001226393,0
Lil Wayne,Dedicate,0.03388959542402966,0
Post Malone,Over Now,0.03389102521163616,0
Bea Miller,Fire N Gold,0.033905758143700754,0
5 Seconds Of Summer,Shes Kinda Hot,0.03390585659189961,0
Ed Sheeran,How Would You Feel Paean,0.03390634425861921,0
Iggy Azalea,Trouble,0.03391447853240295,0
twenty one pilots,Tear In My Heart,0.03391512424568447,0
Rich Gang,Lifestyle,0.0339216991813829,0
Migos,White Sand,0.03392729829777984,0
Skrillex and Rick Ross,Purple Lamborghini,0.03393354467350143,0
J Cole,Friends,0.033941659831263675,0
Lil Wayne,Cant Be Broken,0.03394378988623746,0
GoldLink,Crew,0.03395402491984555,0
Travis Scott,Houstonfornication,0.03395499347781099,0
Drake,Glow,0.0339555373060826,0
Nicki Minaj,Bed Of Lies,0.03395961148959271,0
The Weeknd,Starboy,0.03396391221782633,0
James Newton Howard,The Hanging Tree,0.03396724604587397,0
A Ap Rocky,Electric Body,0.03399555011344219,0
Future and Juice WRLD,Astronauts,0.033998615953235306,0
One Direction,Story Of My Life,0.03401460572388102,0
Ciara,Dance Like Were Making Love,0.03404040958222309,0
Drake,All Me,0.034069433813702914,0
Adele,Hello,0.03407399769939046,0
Frank Ocean,Ivy,0.034079887975392895,0
Drake,Trophies,0.03408062523490829,0
NF,No Name,0.03409284952565016,0
"Tyler, The Creator",Who Dat Boy,0.03409435516330391,0
Drake,Passionfruit,0.03409629853864804,0
Kendrick Lamar,The Heart Part 4,0.03411238945141462,0
Beyonce,***Flawless,0.03411265116169698,0
Drake and Future,Jumpman,0.03411358900071366,0
Hozier,Take Me To Church,0.034114512978565166,0
G Eazy,"Me, Myself and I",0.0341168984808989,0
Adele,When We Were Young,0.03412553255894155,0
Kendrick Lamar,Loyalty,0.034149551067928094,0
Wiz Khalifa,Burn Slow,0.0341634299140107,0
BoB,HeadBand,0.03416419869898696,0
Halsey,Strangers,0.034169636894975125,0
Kid Ink,Hotel,0.03417393969985926,0
Wale,My PYT,0.0341829759062699,0
Bryce Vine,Drew Barrymore,0.034232874716715024,0
Adam Lambert,Ghost Town,0.034243061791563716,0
twenty one pilots,Heathens,0.03428824543583683,0
Red Hot Chili Peppers,Dark Necessities,0.034303395659517344,0
Drake,Pop Style,0.034312003232406664,0
Shakira,Cant Remember To Forget You,0.03434921082247309,0
Lil Uzi Vert,Neon Guts,0.03435001402568402,0
Rick Ross,Sanctified,0.03435892633327291,0
2 Chainz,Good Drank,0.03436238692752107,0
John Mayer,Love On The Weekend,0.034364399377890084,0
Kendrick Lamar,The Blacker The Berry,0.03436773841447692,0
21 Savage and Metro Boomin,No Heart,0.03436965425820157,0
Metro Boomin,Dreamcatcher,0.03437013279253713,0
Logic,44 More,0.034393209575442854,0
Zayn and Taylor Swift,I Dont Wanna Live Forever,0.03443266714556949,0
T Wayne,Nasty Freestyle,0.034444597235857494,0
Nat King Cole,The Christmas Song,0.03445044399513006,0
Chris Brown,Privacy,0.03445448527770613,0
Lil Wayne,Problems,0.034474819864767366,0
Disturbed,The Sound Of Silence,0.03447982060567162,0
Britney Spears,Slumber Party,0.03450158515813434,0
Logic,BoomTrap Protocol,0.03451632743393168,0
Fitz And The Tantrums,HandClap,0.03451870080308534,0
Meek Mill,We Ball,0.034525646087594807,0
KIDS SEE GHOSTS,4th Dimension,0.03453211041063642,0
Travis Scott,Stargazing,0.03456181874668447,0
Halsey,Bad At Love,0.03456191133824344,0
The Weeknd,Privilege,0.03457428886301511,0
Imagine Dragons,Shots,0.03458567023063994,0
Kane Brown,Lose It,0.0345959072387031,0
Neon Trees,Sleeping With A Friend,0.03460196102772464,0
J Cole,False Prophets,0.03466221682721281,0
Beyonce,Partition,0.034665155121194974,0
Tessanne Chin,Bridge Over Troubled Water,0.03472479386432072,0
JAY Z,The Story Of OJ,0.03472842425933677,0
Alisan Porter,Down That Road,0.03473016304537104,0
Lil Skies,Nowadays,0.034740223479398064,0
Rixton,Me And My Broken Heart,0.03474640156647963,0
A Tribe Called Quest,We The People,0.03474648394804222,0
Andrew McMahon In The Wilderness,Cecilia And The Satellite,0.034758444212850494,0
Drake,Back To Back,0.03476334004746231,0
Imagine Dragons,On Top Of The World,0.034775890882905995,0
JAY Z,Marcy Me,0.03478443050400457,0
Logic,Black SpiderMan,0.034814529757838275,0
Harry Styles,Sweet Creature,0.03481585704300039,0
The Weeknd,Reminder,0.034825586887849994,0
Logic,Wassup,0.034828533135468846,0
Daya,"Sit Still, Look Pretty",0.03485273005910726,0
Rae Sremmurd,This Could Be Us,0.03486190411991129,0
JAY Z,Bam,0.03491465282339504,0
NEEDTOBREATHE,Brother,0.034917788376753835,0
Drake,The Language,0.0349255017245017,0
Shawn Mendes,Theres Nothing Holdin Me Back,0.03495281976508381,0
Niall Horan,Too Much To Ask,0.034962303180470736,0
Eminem,Greatest,0.034978345180897416,0
Calum Scott,Dancing On My Own,0.035007033923573835,0
Meek Mill,Issues,0.03504387442442407,0
Camila Cabello,Consequences,0.03505724805056321,0
Kanye West,Only One,0.035063207001327944,0
MAX,Lights Down Low,0.035067114611444614,0
Selena Gomez,Slow Down,0.03511076825295962,0
YoungBoy Never Broke Again,Preach,0.03511500964767575,0
Action Bronson,Baby Blue,0.035126709084311196,0
Katy Perry,Bon Appetit,0.03514878335418294,0
Becky G,Shower,0.03517308067712758,0
21 Savage and Metro Boomin,My Choppa Hate Niggas,0.03520142456418893,0
Beyonce,Drunk In Love,0.035202305371147755,0
J Cole,Album Of The Year Freestyle,0.03520284973406894,0
A Ap Rocky,Everyday,0.035205857244258953,0
Lil Yachty,Yacht Club,0.03521834168929208,0
Drake,Sacrifices,0.035244127619807136,0
Swae Lee,Guatemala,0.0352444932456677,0
Lana Del Rey,Shades Of Cool,0.03525641376464981,0
Iggy Azalea,Black Widow,0.03526632759278258,0
Jason Derulo,Wiggle,0.03530800817757028,0
Lil Baby and Gunna,Never Recover,0.03531327080047862,0
RiceGum,Its Every Night Sis,0.035329730636781,0
Lil Dicky,Freaky Friday,0.035353119571339006,0
Lil Wayne,Dont Cry,0.035373221942731396,0
Lil Wayne,Believe Me,0.03537416613939626,0
Alessia Cara,Here,0.03537664914240644,0
Frank Ocean,Solo,0.0353940533447841,0
Eminem,Survival,0.03540373202088493,0
KIDS SEE GHOSTS,Fire,0.0354226617484909,0
XXXTENTACION,Jocelyn Flores,0.035433140838978916,0
J Cole,Everybody Dies,0.03547776476464629,0
Niall Horan,This Town,0.03547868644690582,0
J Cole,1985,0.03547893381399524,0
Dwayne The Rock Johnson,Youre Welcome,0.03549312901578984,0
J Cole,Kevins Heart,0.035509876450769265,0
Kanye West,Real Friends,0.03553377563703291,0
One Direction,18,0.035539191685698183,0
Meek Mill,1942 Flows,0.03554232802460752,0
Lil Wayne,Start This Shit Off Right,0.0355588329925974,0
Kanye West,Violent Crimes,0.035567171195209836,0
Madonna,Bitch Im Madonna,0.03557500508673203,0
Shawn Mendes,A Little Too Much,0.03559560734023909,0
Imagine Dragons,Natural,0.03561204107598118,0
Drake,No Long Talk,0.035614561384778615,0
Mac Miller,Hurt Feelings,0.03562773512934924,0
Post Malone,Otherside,0.035630105619701286,0
TakeOff,Last Memory,0.035646040502370344,0
Mac Miller,Come Back To Earth,0.03564759049146234,0
Travis Scott,Stop Trying To Be God,0.0356668697993619,0
Lukas Graham,Mama Said,0.035693279086102175,0
Tech N9Ne,Hood Go Crazy,0.035704839214709655,0
G Eazy and Halsey,Him and I,0.035751323096910474,0
Wale,The Body,0.035764223431582524,0
One Direction,Where Do Broken Hearts Go,0.035779109026516695,0
Usher,She Came To Give It To You,0.035789164314590616,0
Lorde,Yellow Flicker Beat,0.035807668889428046,0
Kanye West,Ghost Town,0.03583586494926664,0
"Machine Gun Kelly, X Ambassadors and Bebe Rexha",Home,0.03583666025603041,0
Who Is Fancy,Goodbye,0.03583863546567641,0
Lil Baby,Life Goes On,0.03585775855289355,0
Kanye West,Feedback,0.03588356908748146,0
MKTO,Classic,0.035888336964222244,0
Jay Z,Holy Grail,0.03589333035220075,0
Future and Young Thug,Patek Water,0.03589416113700696,0
Kanye West,Wouldnt Leave,0.0359061514397504,0
Kevin Gates,Jam,0.03591645528566858,0
Hoodie Allen,All About It,0.03593535614963732,0
Jacob Sartorius,Hit Or Miss,0.036005234723233824,0
Rob stone,Chill Bill,0.036027851878281,0
Lady Gaga,Always Remember Us This Way,0.036062979198747666,0
Ed Sheeran,What Do I Know?,0.03608428794992275,0
Lorde,Homemade Dynamite,0.03615204244877612,0
Russ,Losin Control,0.0361643468875885,0
Billie Eilish and Khalid,Lovely,0.03616561034509201,0
Alessia Cara,Scars To Your Beautiful,0.03616855400686783,0
Little Mix,Black Magic,0.03617122557836313,0
One Direction,Perfect,0.036179496718319805,0
Taylor Swift,New Romantics,0.03618958303145724,0
Drake,0 To 100 / The Catch Up,0.036199260097970594,0
Kendrick Lamar,Untitled 02 06232014,0.036203677964327365,0
Big Sean,Bounce Back,0.03622264624561039,0
Jeezy,Seen It All,0.03622654180474234,0
Justin Timberlake,Supplies,0.036247902972338375,0
The Neighbourhood,Sweater Weather,0.036251677557505725,0
J Cole,Shes Mine Pt 2,0.036251735108807255,0
The Weeknd,Tell Your Friends,0.03627241654046396,0
Ruth B,Lost Boy,0.0362847326014993,0
Britney Spears,Pretty Girls,0.03628836065576461,0
Big Sean,Halfway Off The Balcony,0.03629001581678481,0
Post Malone,Paranoid,0.03629586812016314,0
Drake,Blue Tint,0.036300787528221794,0
Arctic Monkeys,Do I Wanna Know?,0.03630727377015034,0
Drake,Free Smoke,0.03631653936155081,0
The Carters,Summer,0.03634045127739586,0
The Script,Superheroes,0.03634479420434343,0
Panic! At The Disco,Bohemian Rhapsody,0.03635486857213703,0
Mariah Carey,Infinity,0.03637437421752801,0
G Eazy,Drifting,0.03639743501941826,0
Bazzi,Mine,0.03641953147454798,0
Justin Timberlake,Not A Bad Thing,0.036423151126000745,0
Fall Out Boy,Alone Together,0.036427027975471656,0
Nick Fradiani,Beautiful Life,0.036452484038753376,0
Frank Ocean,Nights,0.036484362425239815,0
Travis Scott,Who? What!,0.03648596668199481,0
Joyner Lucas and Chris Brown,Stranger Things,0.0365286897109008,0
Jake Paul,Its Everyday Bro,0.036534788610837074,0
Lil Wayne,Let It Fly,0.036536679390850604,0
Chris Brown,New Flame,0.036550000142084975,0
Justin Timberlake,Man Of The Woods,0.03655461115820249,0
G Eazy,Some Kind Of Drug,0.03656322953328653,0
J Cole,Window Pain Outro,0.036568554263517974,0
Calvin Harris,Slide,0.036568632877768674,0
Nicki Minaj,Only,0.036594420273113326,0
Kendrick Lamar,Blood,0.03661473334177326,0
Ariana Grande,Goodnight N Go,0.03666550303079262,0
Taylor Swift,Gorgeous,0.03666811320273086,0
Beyonce,Freedom,0.03668329744827506,0
Drake,Survival,0.03669108056601376,0
Marc E Bassy,You and Me,0.03669413701078436,0
Adele,All I Ask,0.036697129647884935,0
AJR,Im Ready,0.03670854240826866,0
Kendrick Lamar,Institutionalized,0.03672133084403839,0
Britney Spears,Make Me,0.03674311264828529,0
KYLE,iSpy,0.03675813115883123,0
Eminem,Walk On Water,0.03678249877135837,0
Lil Wayne and Charlie Puth,Nothing But Trouble Instagram Models,0.03680214752046659,0
Future,Feed Me Dope,0.03681553221033782,0
Weezer,Africa,0.0368556861129588,0
David Bowie,Space Oddity,0.03687247665036255,0
Meek Mill,RICO,0.036875530353640426,0
Drake,Im Upset,0.036880343230756875,0
Rae Sremmurd,Come Get Her,0.03688643333699361,0
Big Sean,Owe Me,0.03692130748041139,0
Troye Sivan,Happy Little Pill,0.0369315659833786,0
Vance Joy,Riptide,0.036939626546406534,0
Fetty Wap,679,0.03694446370244172,0
Kelly Clarkson,Underneath The Tree,0.03698790206086872,0
Walt Disney Records,For The First Time In Forever,0.03699431320656925,0
Famous Dex,Pick It Up,0.03699496069637456,0
Post Malone and Swae Lee,Sunflower,0.03701244342066499,0
Rvssian Farruko and Bad Bunny,Krippy Kush Remix,0.03702072967150783,0
Lady Gaga,Ill Never Love Again,0.03708204359053234,0
Drake,8 Out Of 10,0.03708531851714643,0
Lil Skies,Red Roses,0.03709141816061922,0
One Direction,AM,0.03714014269007175,0
Big Sean,No Favors,0.03714614719019296,0
Kendrick Lamar,These Walls,0.037172967157386605,0
One Direction,Midnight Memories,0.03718146262490391,0
The Game,100,0.037200103517413735,0
Adam Levine,Lost Stars,0.037202513575010414,0
Zara Larsson,Lush Life,0.03727240830159703,0
Eminem,Lucky You,0.03727961202375085,0
Rae Sremmurd,Look Alive,0.03730124326510174,0
Meghan Trainor,Dear Future Husband,0.03734511297562219,0
Lil Yachty,NBAYoungboat,0.03735317730782559,0
Future,31 Days,0.037354588112262374,0
Queen,Bohemian Rhapsody,0.03738576960724212,0
NWA,Straight Outta Compton,0.0374040128401072,0
Cardi B,Get Up 10,0.03744035898853166,0
6LACK,Pretty Little Fears,0.037457888169004916,0
Ed Sheeran,Galway Girl,0.037490724205493306,0
Kanye West,All Day,0.0375332335967881,0
Rihanna and Kanye West and Paul McCartney,FourFiveSeconds,0.03755965327856626,0
Drake,Is There More,0.0376178729230376,0
Drake,30 For 30 Freestyle,0.03763544058444968,0
JAY Z,Caught Their Eyes,0.037636471767959895,0
Ariana Grande,Best Mistake,0.037642493551929834,0
Alessia Cara,How Far Ill Go,0.037642600060676275,0
Aulii Cravalho,How Far Ill Go,0.037642600060676275,0
Jeremih,Planez,0.037671861309197543,0
Migos,Kelly Price,0.037689783148235824,0
Daniel Caesar,Get You,0.03773337004671857,0
Eminem,The Monster,0.037755207684912,0
Alessia Cara,Wild Things,0.03775645687154883,0
Juicy J,Shell Shocked,0.03776662279302766,0
Big Sean,One Man Can Change The World,0.03780703237075011,0
Brenda Lee,Rockin Around The Christmas Tree,0.03788014980609142,0
Prince And The Revolution,Raspberry Beret,0.03788060573601236,0
6LACK,Prblms,0.03790605362369656,0
Lukas Graham,7 Years,0.03791362539765937,0
"Tyler, The Creator",OKRA,0.037945015232479694,0
Kendrick Lamar,Lust,0.03798389346070442,0
Eminem,Venom,0.038003713346929306,0
Jonas Blue,Fast Car,0.03800943229549407,0
Sam Smith,Leave Your Lover,0.038040470620392126,0
Lil Wayne,Open Safe,0.03804133055055271,0
Katy Perry,Dark Horse,0.0380565210401309,0
A Great Big World,Hold Each Other,0.0380677504088458,0
Rachel Platten,Stand By You,0.03808062829918807,0
"Migos, Nicki Minaj and Cardi B",MotorSport,0.03810137014233986,0
Nicki Minaj,Truffle Butter,0.03810993667349212,0
A Ap Rocky,L$D,0.03811257149987981,0
OneRepublic,Kids,0.03813625780354842,0
Usher,Good Kisser,0.03817616118052104,0
Meek Mill,Blue Notes,0.038192711773816015,0
Wiz Khalifa,See You Again,0.03823521218342777,0
Rick Ross,Sorry,0.03827016313350424,0
One Direction,Infinity,0.03827342551835055,0
J Cole,Change,0.0382939157751551,0
Miley Cyrus,Malibu,0.038404437631220714,0
J Cole,4 Your Eyez Only,0.03847159961613117,0
Post Malone,Takin Shots,0.03848885257112089,0
Meek Mill,Wins and Losses,0.03851183404003652,0
Travis Scott,Carousel,0.03856553132719428,0
Lupe Fiasco,Old School Love,0.03860222164686682,0
P!nk,A Million Dreams,0.038611591081613716,0
Kanye West,Ye vs The People,0.038662398247011,0
"""Weird Al"" Yankovic",Word Crimes,0.03867208563407041,0
Frank Ocean,Pink   White,0.038699852267143134,0
Tamar Braxton,All The Way Home,0.038707296318141675,0
Nicki Minaj and Mike WiLL Made It,Black Barbies,0.03872517765227942,0
Drake,Charged Up,0.03876202890657294,0
Lil Wayne,Dope New Gospel,0.03877857467011359,0
Lil Wayne,Mona Lisa,0.03880507702742494,0
Descendants 2 Cast,Its Goin Down,0.038822958593135774,0
Chris Brown,Grass Aint Greener,0.038832041789936524,0
Shawn Mendes,Stitches,0.038927188480797965,0
J Cole,Deja Vu,0.038942790932697306,0
Drake,After Dark,0.038956158743374894,0
Big Sean,Beware,0.03907337730897989,0
Eminem,Killshot,0.039119279546022664,0
Logic,One Day,0.03912744198311135,0
Nelly,Die A Happy Man,0.03920128188212612,0
twenty one pilots,Stressed Out,0.03922859113450228,0
Lil Wayne,Open Letter,0.03923206418147062,0
Kanye West,Bound 2,0.039234230708084884,0
SZA,The Weekend,0.03930132336889832,0
Pitbull and Ne Yo,Time Of Our Lives,0.03934604544523622,0
5 Seconds Of Summer,Amnesia,0.03939027211511382,0
Chris Jamison,Velvet,0.03941090057547718,0
Dean Lewis,Be Alright,0.03944689556948457,0
5 Seconds Of Summer,Jet Black Heart,0.03946376864059425,0
Drake,Keep The Family Close,0.03947055680860012,0
French Montana,Unforgettable,0.03950852287193781,0
J Cole,Brackets,0.039510094143639665,0
Prince,1999,0.039517180032856654,0
Tee Grizzley,First Day Out,0.03953708852651547,0
Ed Sheeran,Hearts Dont Break Around Here,0.03957077626985614,0
Ed Sheeran,Afire Love,0.03957208402109602,0
Drake,U With Me?,0.03968116987410916,0
Eminem,Guts Over Fear,0.03975120280929187,0
Bryson Tiller,Dont,0.03975439336696995,0
Machine Gun Kelly,Rap Devil,0.03976486680546748,0
Panic! At The Disco,Victorious,0.03976678999909457,0
Drake,Do Not Disturb,0.03977450934575124,0
Rae Sremmurd,Black Beatles,0.039807536918636685,0
Drake,Weston Road Flows,0.039814568514960944,0
Kid Ink,Ride Out,0.039842135138322306,0
Ludacris,Good Lovin,0.03984518289804788,0
I Prevail,Blank Space,0.03994345677091677,0
Travis Scott,Watch,0.039967541472243386,0
Wham!,Careless Whisper,0.04011555421321154,0
Eminem,Stepping Stone,0.0401430499139069,0
Eminem,The Ringer,0.040150610655783105,0
Beyonce,Mine,0.04018086002627335,0
Prince And The Revolution,Lets Go Crazy,0.040185346634435015,0
Ed Sheeran,One,0.04027730080601152,0
BoB,John Doe,0.0403844877767849,0
Ed Sheeran,Photograph,0.04041201517525255,0
Kendrick Lamar,i,0.04045256775784157,0
5 Seconds Of Summer,Kiss Me Kiss Me,0.040475153477776166,0
Eminem,Good Guy,0.04049971545336332,0
Kendrick Lamar,Wesleys Theory,0.04050097746972901,0
Rachel Platten,Fight Song,0.04051065789488497,0
Ed Sheeran,Sing,0.0405428872171316,0
Miguel,Coffee,0.04057762187821629,0
5 Seconds Of Summer,Fly Away,0.04057875703609858,0
Taylor Swift,Style,0.040601361001844145,0
Eminem,Phenomenal,0.04068142753538388,0
Drake,Lose You,0.04071167701324523,0
Justin Bieber,Life Is Worth Living,0.04075922707534183,0
Kanye West,Ultralight Beam,0.04086614913428766,0
Nicki Minaj,Majesty,0.040872330967747054,0
Taylor Swift,Blank Space,0.04093123660935207,0
Drake,Used To,0.04093242453464423,0
Ed Sheeran,Barcelona,0.04094561556344229,0
"Benny Blanco, Halsey and Khalid",Eastside,0.040949346011451476,0
Clean Bandit,Rockabye,0.04095208150943265,0
Ed Sheeran,Dont,0.04113716806012348,0
Drake,March 14,0.041217721104282026,0
Eminem,Not Alike,0.041225365680570246,0
Lorde,Liability,0.04122623685171579,0
Drake and Future,Live From The Gutter,0.04134892677776702,0
Drake,Cant Have Everything,0.04135049122832955,0
Ed Sheeran,Eraser,0.041484573101450116,0
Jake Paul and Erika Costell,Jerika,0.041582388382534446,0
Frank Ocean,Nikes,0.04167054545746655,0
Martin Garrix and Dua Lipa,Scared To Be Lonely,0.04168709952743983,0
Mike Posner,I Took A Pill In Ibiza,0.04169344104190588,0
Jack and Jack,Wild Life,0.041724864789405215,0
Eminem,Rap God,0.041746264806778684,0
Eminem,Normal,0.04179183053686181,0
The Chainsmokers,#SELFIE,0.04180593183614008,0
Wale,The Matrimony,0.04190950596938705,0
Drake,Summer Sixteen,0.04206354602645989,0
Ben Platt,Found / Tonight,0.042120413761885835,0
Flo Rida,Hello Friday,0.04215878987992281,0
Eminem,Kamikaze,0.04221562948751154,0
Ellie Goulding,Beating Heart,0.04224137581259301,0
DJ Khaled,Holy Key,0.04233261746257132,0
Kendrick Lamar,mAAd City,0.04236966694527133,0
Kendrick Lamar,Duckworth,0.042455678054577485,0
Eazy E,Boyz N The Hood,0.042489223099600466,0
DeJ Loaf,No Fear,0.042517358416946996,0
Eminem,Believe,0.04261635351337846,0
JAY Z,Smile,0.04270336109101314,0
Eminem,Fall,0.04275122194931579,0
Jason Aldean,They Dont Know,0.04291733109512754,0
Kendrick Lamar,Fear,0.04302390634164354,0
Michael Jackson,Thriller,0.043195531314925005,0
Drake,"Two Birds, One Stone",0.04332656796324046,0
Ed Sheeran,Thinking Out Loud,0.043365048658532364,0
Lorde,Royals,0.04337896714115362,0
Rebecca Black and Dave Days,Saturday,0.04340201900460958,0
Jimmy Fallon,EW!,0.04340459835398761,0
One Direction,Home,0.043600968969205386,0
Maroon 5,Sugar,0.04377671395460262,0
J Cole,Once An Addict Interlude,0.04405645921830321,0
Jay Z,Part II,0.04419431818808063,0
Kendrick Lamar,XXX,0.04426477766380528,0
Eminem,Kings Never Die,0.0442798512979087,0
Eminem,Headlights,0.04488631953832545,0
Prince,Little Red Corvette,0.04519592783118287,0
Eminem,River,0.045202318473417054,0
Lorde,Glory And Gore,0.045406414347206984,0
Daughtry,Waiting For Superman,0.045455257498077065,0
Demi Lovato,Neon Lights,0.045558126142380466,0
Macklemore and Ryan Lewis,Downtown,0.04572008719400974,0
Ed Sheeran,New Man,0.04577343405068357,0
Macklemore and Ryan Lewis,White Walls,0.04586989039526769,0
Busta Rhymes,Calm Down,0.04598727599945773,0
Drake,Emotionless,0.04612607400886693,0
Eminem,Berzerk,0.0464393137122277,0
Ed Sheeran,Castle On The Hill,0.0469525274637464,0
Buck 22,Achy Breaky 2,0.047073429511046046,0
Train,Angel In Blue Jeans,0.04723765178607889,0
Eminem,Untouchable,0.048120194859823495,0
Ed Sheeran,Perfect,0.04820920292557996,0
Idina Menzel,Baby Its Cold Outside,0.048525481561454156,0
Walt Disney Records,Do You Want To Build A Snowman?,0.04873585125456296,0
Macklemore,Good Old Days,0.050077788998098526,0
Addison Agen,Tennessee Rain,0.050702503559492476,0
Ed Sheeran,Supermarket Flowers,0.05130402697377504,0
Kid Rock,First Kiss,0.051991676705434295,0
Dustin Lynch,Where Its At,0.05239033963452284,0
One Direction,Night Changes,0.0524466799451574,0
Taylor Swift,Wildest Dreams,0.057897015913552403,0
Kygo and Selena Gomez,It Aint Me,0.06858776993401354,0
